"Date","Atbara at Kilo 3 (ten-daily discharge originally in MM3|day)"
"1903-01-01","-"
"1903-01-11","-"
"1903-01-21","-"
"1903-02-01","-"
"1903-02-11","-"
"1903-02-21","-"
"1903-03-01","-"
"1903-03-11","-"
"1903-03-21","-"
"1903-04-01","-"
"1903-04-11","-"
"1903-04-21","-"
"1903-05-01","-"
"1903-05-11","-"
"1903-05-21","-"
"1903-06-01","2900000.095"
"1903-06-11","6500000"
"1903-06-21","19600000.38"
"1903-07-01","40599998.47"
"1903-07-11","40299999.24"
"1903-07-21","56299999.24"
"1903-08-01","119000000"
"1903-08-11","207000000"
"1903-08-21","258000000"
"1903-09-01","227000000"
"1903-09-11","167000000"
"1903-09-21","125000000"
"1903-10-01","71300003.05"
"1903-10-11","38299999.24"
"1903-10-21","22500000"
"1903-11-01","-"
"1903-11-11","-"
"1903-11-21","-"
"1903-12-01","-"
"1903-12-11","-"
"1903-12-21","-"
"1904-01-01","-"
"1904-01-11","-"
"1904-01-21","-"
"1904-02-01","-"
"1904-02-11","-"
"1904-02-21","-"
"1904-03-01","-"
"1904-03-11","-"
"1904-03-21","-"
"1904-04-01","-"
"1904-04-11","-"
"1904-04-21","-"
"1904-05-01","-"
"1904-05-11","-"
"1904-05-21","-"
"1904-06-01","-"
"1904-06-11","899999.9762"
"1904-06-21","2900000.095"
"1904-07-01","18500000"
"1904-07-11","68000000"
"1904-07-21","106000000"
"1904-08-01","160000000"
"1904-08-11","91699996.95"
"1904-08-21","86099998.47"
"1904-09-01","84500000"
"1904-09-11","65300003.05"
"1904-09-21","31299999.24"
"1904-10-01","16100000.38"
"1904-10-11","7000000"
"1904-10-21","3400000.095"
"1904-11-01","2700000.048"
"1904-11-11","2000000"
"1904-11-21","500000"
"1904-12-01","-"
"1904-12-11","-"
"1904-12-21","-"
"1905-01-01","-"
"1905-01-11","-"
"1905-01-21","-"
"1905-02-01","-"
"1905-02-11","-"
"1905-02-21","-"
"1905-03-01","-"
"1905-03-11","-"
"1905-03-21","-"
"1905-04-01","-"
"1905-04-11","-"
"1905-04-21","-"
"1905-05-01","-"
"1905-05-11","-"
"1905-05-21","-"
"1905-06-01","-"
"1905-06-11","-"
"1905-06-21","16500000"
"1905-07-01","25100000.38"
"1905-07-11","48400001.53"
"1905-07-21","91699996.95"
"1905-08-01","83699996.95"
"1905-08-11","171000000"
"1905-08-21","169000000"
"1905-09-01","188000000"
"1905-09-11","152000000"
"1905-09-21","79099998.47"
"1905-10-01","41799999.24"
"1905-10-11","19899999.62"
"1905-10-21","15100000.38"
"1905-11-01","-"
"1905-11-11","-"
"1905-11-21","-"
"1905-12-01","-"
"1905-12-11","-"
"1905-12-21","-"
"1906-01-01","-"
"1906-01-11","-"
"1906-01-21","-"
"1906-02-01","-"
"1906-02-11","-"
"1906-02-21","-"
"1906-03-01","-"
"1906-03-11","-"
"1906-03-21","-"
"1906-04-01","-"
"1906-04-11","-"
"1906-04-21","-"
"1906-05-01","-"
"1906-05-11","-"
"1906-05-21","-"
"1906-06-01","300000.0119"
"1906-06-11","100000.0015"
"1906-06-21","1899999.976"
"1906-07-01","25100000.38"
"1906-07-11","49900001.53"
"1906-07-21","85300003.05"
"1906-08-01","139000000"
"1906-08-11","209000000"
"1906-08-21","197000000"
"1906-09-01","193000000"
"1906-09-11","149000000"
"1906-09-21","99900001.53"
"1906-10-01","45299999.24"
"1906-10-11","27600000.38"
"1906-10-21","19000000"
"1906-11-01","-"
"1906-11-11","-"
"1906-11-21","-"
"1906-12-01","-"
"1906-12-11","-"
"1906-12-21","-"
"1907-01-01","-"
"1907-01-11","-"
"1907-01-21","-"
"1907-02-01","-"
"1907-02-11","-"
"1907-02-21","-"
"1907-03-01","-"
"1907-03-11","-"
"1907-03-21","-"
"1907-04-01","-"
"1907-04-11","-"
"1907-04-21","-"
"1907-05-01","-"
"1907-05-11","-"
"1907-05-21","-"
"1907-06-01","-"
"1907-06-11","3400000.095"
"1907-06-21","7900000.095"
"1907-07-01","102000000"
"1907-07-11","58599998.47"
"1907-07-21","118000000"
"1907-08-01","101000000"
"1907-08-11","139000000"
"1907-08-21","212000000"
"1907-09-01","162000000"
"1907-09-11","142000000"
"1907-09-21","64699996.95"
"1907-10-01","29100000.38"
"1907-10-11","21899999.62"
"1907-10-21","15300000.19"
"1907-11-01","10199999.81"
"1907-11-11","7300000.191"
"1907-11-21","5000000"
"1907-12-01","3500000"
"1907-12-11","2799999.952"
"1907-12-21","2200000.048"
"1908-01-01","1700000.048"
"1908-01-11","1299999.952"
"1908-01-21","1000000"
"1908-02-01","699999.9881"
"1908-02-11","300000.0119"
"1908-02-21","300000.0119"
"1908-03-01","-"
"1908-03-11","-"
"1908-03-21","-"
"1908-04-01","-"
"1908-04-11","-"
"1908-04-21","-"
"1908-05-01","-"
"1908-05-11","-"
"1908-05-21","-"
"1908-06-01","-"
"1908-06-11","12399999.62"
"1908-06-21","85300003.05"
"1908-07-01","59799999.24"
"1908-07-11","63500000"
"1908-07-21","94400001.53"
"1908-08-01","206000000"
"1908-08-11","291000000"
"1908-08-21","228000000"
"1908-09-01","245000000"
"1908-09-11","179000000"
"1908-09-21","141000000"
"1908-10-01","78500000"
"1908-10-11","42200000.76"
"1908-10-21","24500000"
"1908-11-01","16100000.38"
"1908-11-11","11100000.38"
"1908-11-21","7900000.095"
"1908-12-01","5699999.809"
"1908-12-11","3900000.095"
"1908-12-21","2900000.095"
"1909-01-01","2000000"
"1909-01-11","1600000.024"
"1909-01-21","1299999.952"
"1909-02-01","1000000"
"1909-02-11","699999.9881"
"1909-02-21","400000.006"
"1909-03-01","200000.003"
"1909-03-11","-"
"1909-03-21","-"
"1909-04-01","-"
"1909-04-11","-"
"1909-04-21","400000.006"
"1909-05-01","600000.0238"
"1909-05-11","899999.9762"
"1909-05-21","400000.006"
"1909-06-01","6699999.809"
"1909-06-11","23500000"
"1909-06-21","28100000.38"
"1909-07-01","34299999.24"
"1909-07-11","47000000"
"1909-07-21","82300003.05"
"1909-08-01","186000000"
"1909-08-11","239000000"
"1909-08-21","262000000"
"1909-09-01","213000000"
"1909-09-11","163000000"
"1909-09-21","124000000"
"1909-10-01","52000000"
"1909-10-11","37400001.53"
"1909-10-21","19399999.62"
"1909-11-01","12199999.81"
"1909-11-11","8500000"
"1909-11-21","5699999.809"
"1909-12-01","4099999.905"
"1909-12-11","2900000.095"
"1909-12-21","2200000.048"
"1910-01-01","1600000.024"
"1910-01-11","1200000.048"
"1910-01-21","1000000"
"1910-02-01","500000"
"1910-02-11","100000.0015"
"1910-02-21","-"
"1910-03-01","-"
"1910-03-11","-"
"1910-03-21","-"
"1910-04-01","-"
"1910-04-11","-"
"1910-04-21","-"
"1910-05-01","-"
"1910-05-11","-"
"1910-05-21","-"
"1910-06-01","699999.9881"
"1910-06-11","1299999.952"
"1910-06-21","4500000"
"1910-07-01","16899999.62"
"1910-07-11","29500000"
"1910-07-21","72699996.95"
"1910-08-01","188000000"
"1910-08-11","243000000"
"1910-08-21","286000000"
"1910-09-01","255000000"
"1910-09-11","159000000"
"1910-09-21","142000000"
"1910-10-01","86800003.05"
"1910-10-11","74800003.05"
"1910-10-21","38299999.24"
"1910-11-01","18700000.76"
"1910-11-11","13000000"
"1910-11-21","8500000"
"1910-12-01","5400000.095"
"1910-12-11","3599999.905"
"1910-12-21","2700000.048"
"1911-01-01","2099999.905"
"1911-01-11","1600000.024"
"1911-01-21","1200000.048"
"1911-02-01","699999.9881"
"1911-02-11","400000.006"
"1911-02-21","300000.0119"
"1911-03-01","-"
"1911-03-11","-"
"1911-03-21","-"
"1911-04-01","-"
"1911-04-11","-"
"1911-04-21","-"
"1911-05-01","-"
"1911-05-11","-"
"1911-05-21","-"
"1911-06-01","600000.0238"
"1911-06-11","1500000"
"1911-06-21","10399999.62"
"1911-07-01","12199999.81"
"1911-07-11","22899999.62"
"1911-07-21","60400001.53"
"1911-08-01","93199996.95"
"1911-08-11","208000000"
"1911-08-21","201000000"
"1911-09-01","212000000"
"1911-09-11","195000000"
"1911-09-21","77699996.95"
"1911-10-01","39099998.47"
"1911-10-11","25100000.38"
"1911-10-21","14199999.81"
"1911-11-01","14600000.38"
"1911-11-11","12399999.62"
"1911-11-21","6199999.809"
"1911-12-01","3599999.905"
"1911-12-11","3000000"
"1911-12-21","2200000.048"
"1912-01-01","1600000.024"
"1912-01-11","1000000"
"1912-01-21","699999.9881"
"1912-02-01","400000.006"
"1912-02-11","300000.0119"
"1912-02-21","200000.003"
"1912-03-01","-"
"1912-03-11","-"
"1912-03-21","-"
"1912-04-01","-"
"1912-04-11","-"
"1912-04-21","-"
"1912-05-01","-"
"1912-05-11","-"
"1912-05-21","-"
"1912-06-01","-"
"1912-06-11","-"
"1912-06-21","13500000"
"1912-07-01","32700000.76"
"1912-07-11","37099998.47"
"1912-07-21","131000000"
"1912-08-01","205000000"
"1912-08-11","228000000"
"1912-08-21","212000000"
"1912-09-01","167000000"
"1912-09-11","131000000"
"1912-09-21","48900001.53"
"1912-10-01","23200000.76"
"1912-10-11","11800000.19"
"1912-10-21","8899999.619"
"1912-11-01","7000000"
"1912-11-11","4500000"
"1912-11-21","2900000.095"
"1912-12-01","2099999.905"
"1912-12-11","1500000"
"1912-12-21","1200000.048"
"1914-01-01","-"
"1914-01-11","-"
"1914-01-21","-"
"1914-02-01","-"
"1914-02-11","-"
"1914-02-21","-"
"1914-03-01","-"
"1914-03-11","-"
"1914-03-21","-"
"1914-04-01","-"
"1914-04-11","-"
"1914-04-21","-"
"1914-05-01","-"
"1914-05-11","-"
"1914-05-21","-"
"1914-06-01","-"
"1914-06-11","1000000"
"1914-06-21","1000000"
"1914-07-01","14800000.19"
"1914-07-11","35400001.53"
"1914-07-21","108000000"
"1914-08-01","176000000"
"1914-08-11","266000000"
"1914-08-21","214000000"
"1914-09-01","151000000"
"1914-09-11","108000000"
"1914-09-21","86099998.47"
"1914-10-01","57500000"
"1914-10-11","33200000.76"
"1914-10-21","22899999.62"
"1914-11-01","15100000.38"
"1914-11-11","13000000"
"1914-11-21","7400000.095"
"1914-12-01","4099999.905"
"1914-12-11","2500000"
"1914-12-21","1700000.048"
"1915-01-01","1299999.952"
"1915-01-11","1000000"
"1915-01-21","500000"
"1915-02-01","300000.0119"
"1915-02-11","300000.0119"
"1915-02-21","-"
"1915-03-01","-"
"1915-03-11","-"
"1915-03-21","-"
"1915-04-01","-"
"1915-04-11","-"
"1915-04-21","-"
"1915-05-01","-"
"1915-05-11","-"
"1915-05-21","-"
"1915-06-01","100000.0015"
"1915-06-11","699999.9881"
"1915-06-21","13800000.19"
"1915-07-01","14399999.62"
"1915-07-11","17100000.38"
"1915-07-21","56299999.24"
"1915-08-01","123000000"
"1915-08-11","94099998.47"
"1915-08-21","97400001.53"
"1915-09-01","102000000"
"1915-09-11","110000000"
"1915-09-21","81500000"
"1915-10-01","42200000.76"
"1915-10-11","21700000.76"
"1915-10-21","10500000"
"1915-11-01","6599999.905"
"1915-11-11","5400000.095"
"1915-11-21","3500000"
"1915-12-01","1799999.952"
"1915-12-11","1200000.048"
"1915-12-21","699999.9881"
"1916-01-01","400000.006"
"1916-01-11","300000.0119"
"1916-01-21","200000.003"
"1916-02-01","-"
"1916-02-11","-"
"1916-02-21","-"
"1916-03-01","-"
"1916-03-11","-"
"1916-03-21","-"
"1916-04-01","-"
"1916-04-11","-"
"1916-04-21","-"
"1916-05-01","-"
"1916-05-11","-"
"1916-05-21","-"
"1916-06-01","-"
"1916-06-11","-"
"1916-06-21","8600000.381"
"1916-07-01","41799999.24"
"1916-07-11","128000000"
"1916-07-21","283000000"
"1916-08-01","318000000"
"1916-08-11","434000000"
"1916-08-21","308000000"
"1916-09-01","256000000"
"1916-09-11","223000000"
"1916-09-21","130000000"
"1916-10-01","77699996.95"
"1916-10-11","48400001.53"
"1916-10-21","38599998.47"
"1916-11-01","21399999.62"
"1916-11-11","17500000"
"1916-11-21","10699999.81"
"1916-12-01","7400000.095"
"1916-12-11","6699999.809"
"1916-12-21","4099999.905"
"1917-01-01","3000000"
"1917-01-11","2200000.048"
"1917-01-21","1700000.048"
"1917-02-01","1100000.024"
"1917-02-11","-"
"1917-02-21","-"
"1917-03-01","-"
"1917-03-11","-"
"1917-03-21","-"
"1917-04-01","-"
"1917-04-11","-"
"1917-04-21","-"
"1917-05-01","-"
"1917-05-11","-"
"1917-05-21","-"
"1917-06-01","1799999.952"
"1917-06-11","5400000.095"
"1917-06-21","16500000"
"1917-07-01","46099998.47"
"1917-07-11","43500000"
"1917-07-21","43099998.47"
"1917-08-01","137000000"
"1917-08-11","123000000"
"1917-08-21","179000000"
"1917-09-01","296000000"
"1917-09-11","220000000"
"1917-09-21","170000000"
"1917-10-01","74800003.05"
"1917-10-11","34299999.24"
"1917-10-21","21700000.76"
"1917-11-01","14000000"
"1917-11-11","9399999.619"
"1917-11-21","5699999.809"
"1917-12-01","4300000.191"
"1917-12-11","3099999.905"
"1917-12-21","2200000.048"
"1918-01-01","1700000.048"
"1918-01-11","1200000.048"
"1918-01-21","899999.9762"
"1918-02-01","500000"
"1918-02-11","300000.0119"
"1918-02-21","300000.0119"
"1918-03-01","200000.003"
"1918-03-11","-"
"1918-03-21","-"
"1918-04-01","-"
"1918-04-11","-"
"1918-04-21","-"
"1918-05-01","-"
"1918-05-11","100000.0015"
"1918-05-21","300000.0119"
"1918-06-01","-"
"1918-06-11","-"
"1918-06-21","2200000.048"
"1918-07-01","11800000.19"
"1918-07-11","32700000.76"
"1918-07-21","65300003.05"
"1918-08-01","118000000"
"1918-08-11","99900001.53"
"1918-08-21","149000000"
"1918-09-01","55299999.24"
"1918-09-11","52000000"
"1918-09-21","25799999.24"
"1918-10-01","21899999.62"
"1918-10-11","14199999.81"
"1918-10-21","5900000.095"
"1918-11-01","3599999.905"
"1918-11-11","1899999.976"
"1918-11-21","1299999.952"
"1918-12-01","899999.9762"
"1918-12-11","200000.003"
"1918-12-21","-"
"1919-01-01","-"
"1919-01-11","-"
"1919-01-21","-"
"1919-02-01","-"
"1919-02-11","-"
"1919-02-21","-"
"1919-03-01","-"
"1919-03-11","-"
"1919-03-21","-"
"1919-04-01","-"
"1919-04-11","-"
"1919-04-21","-"
"1919-05-01","-"
"1919-05-11","-"
"1919-05-21","-"
"1919-06-01","-"
"1919-06-11","-"
"1919-06-21","10000000"
"1919-07-01","18000000"
"1919-07-11","46099998.47"
"1919-07-21","116000000"
"1919-08-01","156000000"
"1919-08-11","131000000"
"1919-08-21","175000000"
"1919-09-01","112000000"
"1919-09-11","140000000"
"1919-09-21","56299999.24"
"1919-10-01","25100000.38"
"1919-10-11","16100000.38"
"1919-10-21","8600000.381"
"1919-11-01","4300000.191"
"1919-11-11","2599999.905"
"1919-11-21","1299999.952"
"1919-12-01","300000.0119"
"1919-12-11","-"
"1919-12-21","-"
"1920-01-01","-"
"1920-01-11","-"
"1920-01-21","-"
"1920-02-01","-"
"1920-02-11","-"
"1920-02-21","-"
"1920-03-01","-"
"1920-03-11","-"
"1920-03-21","-"
"1920-04-01","-"
"1920-04-11","-"
"1920-04-21","-"
"1920-05-01","-"
"1920-05-11","-"
"1920-05-21","-"
"1920-06-01","2200000.048"
"1920-06-11","5099999.905"
"1920-06-21","16100000.38"
"1920-07-01","48000000"
"1920-07-11","48400001.53"
"1920-07-21","94900001.53"
"1920-08-01","129000000"
"1920-08-11","212000000"
"1920-08-21","223000000"
"1920-09-01","108000000"
"1920-09-11","77000000"
"1920-09-21","91699996.95"
"1920-10-01","48400001.53"
"1920-10-11","30600000.38"
"1920-10-21","21700000.76"
"1920-11-01","-"
"1920-11-11","-"
"1920-11-21","-"
"1920-12-01","-"
"1920-12-11","-"
"1920-12-21","-"
"1928-01-01","-"
"1928-01-11","-"
"1928-01-21","-"
"1928-02-01","-"
"1928-02-11","-"
"1928-02-21","-"
"1928-03-01","-"
"1928-03-11","3000000"
"1928-03-21","-"
"1928-04-01","-"
"1928-04-11","-"
"1928-04-21","-"
"1928-05-01","-"
"1928-05-11","-"
"1928-05-21","-"
"1928-06-01","1600000.024"
"1928-06-11","5699999.809"
"1928-06-21","9800000.191"
"1928-07-01","15000000"
"1928-07-11","48200000.76"
"1928-07-21","61099998.47"
"1928-08-01","101000000"
"1928-08-11","197000000"
"1928-08-21","153000000"
"1928-09-01","140000000"
"1928-09-11","63200000.76"
"1928-09-21","31600000.38"
"1928-10-01","18100000.38"
"1928-10-11","16600000.38"
"1928-10-21","11699999.81"
"1928-11-01","6199999.809"
"1928-11-11","3500000"
"1928-11-21","899999.9762"
"1928-12-01","-"
"1928-12-11","-"
"1928-12-21","-"
"1929-01-01","-"
"1929-01-11","-"
"1929-01-21","-"
"1929-02-01","-"
"1929-02-11","-"
"1929-02-21","-"
"1929-03-01","-"
"1929-03-11","-"
"1929-03-21","-"
"1929-04-01","-"
"1929-04-11","-"
"1929-04-21","-"
"1929-05-01","-"
"1929-05-11","-"
"1929-05-21","-"
"1929-06-01","800000.0119"
"1929-06-11","8800000.191"
"1929-06-21","14100000.38"
"1929-07-01","34099998.47"
"1929-07-11","72000000"
"1929-07-21","138000000"
"1929-08-01","201000000"
"1929-08-11","234000000"
"1929-08-21","262000000"
"1929-09-01","195000000"
"1929-09-11","119000000"
"1929-09-21","62599998.47"
"1929-10-01","43299999.24"
"1929-10-11","34599998.47"
"1929-10-21","17700000.76"
"1929-11-01","8100000.381"
"1929-11-11","5199999.809"
"1929-11-21","3200000.048"
"1929-12-01","1700000.048"
"1929-12-11","1100000.024"
"1929-12-21","699999.9881"
"1930-01-01","-"
"1930-01-11","-"
"1930-01-21","-"
"1930-02-01","-"
"1930-02-11","-"
"1930-02-21","-"
"1930-03-01","-"
"1930-03-11","-"
"1930-03-21","-"
"1930-04-01","-"
"1930-04-11","-"
"1930-04-21","-"
"1930-05-01","-"
"1930-05-11","-"
"1930-05-21","-"
"1930-06-01","-"
"1930-06-11","-"
"1930-06-21","4099999.905"
"1930-07-01","47700000.76"
"1930-07-11","65000000"
"1930-07-21","113000000"
"1930-08-01","132000000"
"1930-08-11","162000000"
"1930-08-21","112000000"
"1930-09-01","113000000"
"1930-09-11","79500000"
"1930-09-21","58299999.24"
"1930-10-01","24399999.62"
"1930-10-11","12800000.19"
"1930-10-21","7000000"
"1930-11-01","5199999.809"
"1930-11-11","3500000"
"1930-11-21","2200000.048"
"1930-12-01","1399999.976"
"1930-12-11","500000"
"1930-12-21","-"
"1931-01-01","-"
"1931-01-11","-"
"1931-01-21","-"
"1931-02-01","-"
"1931-02-11","-"
"1931-02-21","-"
"1931-03-01","-"
"1931-03-11","-"
"1931-03-21","9000000"
"1931-04-01","-"
"1931-04-11","-"
"1931-04-21","-"
"1931-05-01","-"
"1931-05-11","-"
"1931-05-21","-"
"1931-06-01","-"
"1931-06-11","-"
"1931-06-21","2200000.048"
"1931-07-01","1000000"
"1931-07-11","21899999.62"
"1931-07-21","75300003.05"
"1931-08-01","121000000"
"1931-08-11","181000000"
"1931-08-21","227000000"
"1931-09-01","150000000"
"1931-09-11","128000000"
"1931-09-21","77000000"
"1931-10-01","36099998.47"
"1931-10-11","34599998.47"
"1931-10-21","20399999.62"
"1931-11-01","9300000.191"
"1931-11-11","5500000"
"1931-11-21","3700000.048"
"1931-12-01","2400000.095"
"1931-12-11","1600000.024"
"1931-12-21","1200000.048"
"1932-01-01","-"
"1932-01-11","-"
"1932-01-21","-"
"1932-02-01","-"
"1932-02-11","-"
"1932-02-21","-"
"1932-03-01","-"
"1932-03-11","-"
"1932-03-21","-"
"1932-04-01","-"
"1932-04-11","-"
"1932-04-21","-"
"1932-05-01","-"
"1932-05-11","-"
"1932-05-21","-"
"1932-06-01","-"
"1932-06-11","-"
"1932-06-21","800000.0119"
"1932-07-01","16600000.38"
"1932-07-11","64400001.53"
"1932-07-21","102000000"
"1932-08-01","147000000"
"1932-08-11","199000000"
"1932-08-21","261000000"
"1932-09-01","222000000"
"1932-09-11","139000000"
"1932-09-21","74599998.47"
"1932-10-01","41400001.53"
"1932-10-11","24000000"
"1932-10-21","14399999.62"
"1932-11-01","7500000"
"1932-11-11","4199999.809"
"1932-11-21","2799999.952"
"1932-12-01","2000000"
"1932-12-11","1600000.024"
"1932-12-21","1200000.048"
"1933-07-01","23799999.24"
"1933-07-11","23799999.24"
"1933-07-21","36200000.76"
"1933-08-01","68300003.05"
"1933-08-11","110000000"
"1933-08-21","168000000"
"1933-09-01","224000000"
"1933-09-11","123000000"
"1933-09-21","72900001.53"
"1933-10-01","47900001.53"
"1933-10-11","27600000.38"
"1933-10-21","21700000.76"
"1933-11-01","12399999.62"
"1933-11-11","8800000.191"
"1933-11-21","7800000.191"
"1933-12-01","6300000.191"
"1933-12-11","3500000"
"1933-12-21","1899999.976"
"1934-01-01","899999.9762"
"1934-01-11","-"
"1934-01-21","-"
"1934-06-01","-"
"1934-06-11","-"
"1934-06-21","33299999.24"
"1934-07-01","47500000"
"1934-07-11","117000000"
"1934-07-21","107000000"
"1934-08-01","143000000"
"1934-08-11","248000000"
"1934-08-21","320000000"
"1934-09-01","172000000"
"1934-09-11","87300003.05"
"1934-09-21","70699996.95"
"1934-10-01","49400001.53"
"1934-10-11","34200000.76"
"1934-10-21","18600000.38"
"1934-11-01","8300000.191"
"1934-11-11","5099999.905"
"1934-11-21","3599999.905"
"1934-12-01","2799999.952"
"1934-12-11","2000000"
"1934-12-21","1600000.024"
"1935-01-01","-"
"1935-01-11","-"
"1935-01-21","-"
"1935-02-01","-"
"1935-02-11","-"
"1935-02-21","-"
"1935-03-01","-"
"1935-03-11","-"
"1935-03-21","-"
"1935-04-01","-"
"1935-04-11","-"
"1935-04-21","-"
"1935-05-01","-"
"1935-05-11","-"
"1935-05-21","600000.0238"
"1935-06-01","6599999.905"
"1935-06-11","5400000.095"
"1935-06-21","11199999.81"
"1935-07-01","23100000.38"
"1935-07-11","48599998.47"
"1935-07-21","67599998.47"
"1935-08-01","93699996.95"
"1935-08-11","166000000"
"1935-08-21","223000000"
"1935-09-01","201000000"
"1935-09-11","181000000"
"1935-09-21","103000000"
"1935-10-01","63500000"
"1935-10-11","33400001.53"
"1935-10-21","15100000.38"
"1935-11-01","8699999.809"
"1935-11-11","6099999.905"
"1935-11-21","4400000.095"
"1935-12-01","2799999.952"
"1935-12-11","2299999.952"
"1935-12-21","1399999.976"
"1936-01-01","-"
"1936-01-11","-"
"1936-01-21","-"
"1936-06-01","-"
"1936-06-11","-"
"1936-06-21","-"
"1936-07-01","16399999.62"
"1936-07-11","70300003.05"
"1936-07-21","79800003.05"
"1936-08-01","131000000"
"1936-08-11","190000000"
"1936-08-21","215000000"
"1936-09-01","205000000"
"1936-09-11","183000000"
"1936-09-21","86800003.05"
"1936-10-01","44599998.47"
"1936-10-11","21899999.62"
"1936-10-21","13199999.81"
"1936-11-01","8300000.191"
"1936-11-11","5300000.191"
"1936-11-21","4000000"
"1936-12-01","2700000.048"
"1936-12-11","2099999.905"
"1936-12-21","1500000"
"1937-06-01","-"
"1937-06-11","300000.0119"
"1937-06-21","600000.0238"
"1937-07-01","27000000"
"1937-07-11","46099998.47"
"1937-07-21","75400001.53"
"1937-08-01","132000000"
"1937-08-11","265000000"
"1937-08-21","222000000"
"1937-09-01","166000000"
"1937-09-11","120000000"
"1937-09-21","92300003.05"
"1937-10-01","40099998.47"
"1937-10-11","25100000.38"
"1937-10-21","11800000.19"
"1937-11-01","7000000"
"1937-11-11","4900000.095"
"1937-11-21","3500000"
"1937-12-01","2299999.952"
"1937-12-11","1600000.024"
"1937-12-21","800000.0119"
"1938-06-01","-"
"1938-06-11","-"
"1938-06-21","-"
"1938-07-01","-"
"1938-07-11","35700000.76"
"1938-07-21","112000000"
"1938-08-01","179000000"
"1938-08-11","228000000"
"1938-08-21","300000000"
"1938-09-01","209000000"
"1938-09-11","165000000"
"1938-09-21","108000000"
"1938-10-01","75300003.05"
"1938-10-11","38700000.76"
"1938-10-21","21899999.62"
"1938-11-01","13100000.38"
"1938-11-11","7599999.905"
"1938-11-21","5300000.191"
"1938-12-01","4000000"
"1938-12-11","3000000"
"1938-12-21","2099999.905"
"1939-06-01","-"
"1939-06-11","-"
"1939-06-21","1399999.976"
"1939-07-01","20100000.38"
"1939-07-11","31399999.62"
"1939-07-21","68599998.47"
"1939-08-01","105000000"
"1939-08-11","115000000"
"1939-08-21","161000000"
"1939-09-01","115000000"
"1939-09-11","71300003.05"
"1939-09-21","72099998.47"
"1939-10-01","35799999.24"
"1939-10-11","19200000.76"
"1939-10-21","24600000.38"
"1939-11-01","9800000.191"
"1939-11-11","5300000.191"
"1939-11-21","3799999.952"
"1939-12-01","2200000.048"
"1939-12-11","1299999.952"
"1939-12-21","400000.006"
"1940-06-01","-"
"1940-06-11","-"
"1940-06-21","-"
"1940-07-01","10000000"
"1940-07-11","42900001.53"
"1940-07-21","49000000"
"1940-08-01","150000000"
"1940-08-11","163000000"
"1940-08-21","143000000"
"1940-09-01","115000000"
"1940-09-11","67400001.53"
"1940-09-21","40299999.24"
"1940-10-01","21399999.62"
"1940-10-11","11100000.38"
"1940-10-21","5900000.095"
"1940-11-01","3599999.905"
"1940-11-11","2500000"
"1940-11-21","1799999.952"
"1940-12-01","1600000.024"
"1940-12-11","1100000.024"
"1940-12-21","100000.0015"
"1941-06-01","-"
"1941-06-11","-"
"1941-06-21","3799999.952"
"1941-07-01","10300000.19"
"1941-07-11","12399999.62"
"1941-07-21","51099998.47"
"1941-08-01","87800003.05"
"1941-08-11","101000000"
"1941-08-21","109000000"
"1941-09-01","103000000"
"1941-09-11","42400001.53"
"1941-09-21","25799999.24"
"1941-10-01","20299999.24"
"1941-10-11","19000000"
"1941-10-21","15300000.19"
"1941-11-01","15899999.62"
"1941-11-11","7199999.809"
"1941-11-21","4300000.191"
"1941-12-01","2700000.048"
"1941-12-11","2000000"
"1941-12-21","1200000.048"
"1942-06-01","-"
"1942-06-11","-"
"1942-06-21","-"
"1942-07-01","19000000"
"1942-07-11","51200000.76"
"1942-07-21","81500000"
"1942-08-01","137000000"
"1942-08-11","175000000"
"1942-08-21","209000000"
"1942-09-01","147000000"
"1942-09-11","110000000"
"1942-09-21","65099998.47"
"1942-10-01","42900001.53"
"1942-10-11","24500000"
"1942-10-21","12100000.38"
"1942-11-01","7099999.905"
"1942-11-11","4699999.809"
"1942-11-21","3299999.952"
"1942-12-01","2299999.952"
"1942-12-11","2000000"
"1942-12-21","1500000"
"1943-06-01","-"
"1943-06-11","-"
"1943-06-21","-"
"1943-07-01","6500000"
"1943-07-11","28899999.62"
"1943-07-21","82599998.47"
"1943-08-01","151000000"
"1943-08-11","178000000"
"1943-08-21","247000000"
"1943-09-01","312000000"
"1943-09-11","169000000"
"1943-09-21","83300003.05"
"1943-10-01","50299999.24"
"1943-10-11","30399999.62"
"1943-10-21","17500000"
"1943-11-01","11600000.38"
"1943-11-11","7199999.809"
"1943-11-21","4599999.905"
"1943-12-01","3000000"
"1943-12-11","2200000.048"
"1943-12-21","1500000"
"1944-01-01","1200000.048"
"1944-01-11","800000.0119"
"1944-01-21","500000"
"1944-02-01","400000.006"
"1944-02-11","300000.0119"
"1944-02-21","200000.003"
"1944-06-01","-"
"1944-06-11","-"
"1944-06-21","-"
"1944-07-01","19399999.62"
"1944-07-11","78500000"
"1944-07-21","125000000"
"1944-08-01","154000000"
"1944-08-11","162000000"
"1944-08-21","203000000"
"1944-09-01","111000000"
"1944-09-11","86900001.53"
"1944-09-21","73800003.05"
"1944-10-01","33500000"
"1944-10-11","15699999.81"
"1944-10-21","9100000.381"
"1944-11-01","5500000"
"1944-11-11","3799999.952"
"1944-11-21","3200000.048"
"1944-12-01","2099999.905"
"1944-12-11","1500000"
"1944-12-21","1299999.952"
"1945-01-01","1100000.024"
"1945-01-11","600000.0238"
"1945-01-21","100000.0015"
"1945-05-01","-"
"1945-05-11","-"
"1945-05-21","11199999.81"
"1945-06-01","4500000"
"1945-06-11","16100000.38"
"1945-06-21","8899999.619"
"1945-07-01","11899999.62"
"1945-07-11","35099998.47"
"1945-07-21","67699996.95"
"1945-08-01","132000000"
"1945-08-11","165000000"
"1945-08-21","140000000"
"1945-09-01","139000000"
"1945-09-11","152000000"
"1945-09-21","89500000"
"1945-10-01","77099998.47"
"1945-10-11","39200000.76"
"1945-10-21","20700000.76"
"1945-11-01","12800000.19"
"1945-11-11","10199999.81"
"1945-11-21","6199999.809"
"1945-12-01","3700000.048"
"1945-12-11","2599999.905"
"1945-12-21","1799999.952"
"1946-01-01","1100000.024"
"1946-01-11","500000"
"1946-01-21","100000.0015"
"1946-06-01","-"
"1946-06-11","-"
"1946-06-21","31600000.38"
"1946-07-01","44799999.24"
"1946-07-11","80099998.47"
"1946-07-21","108000000"
"1946-08-01","260000000"
"1946-08-11","365000000"
"1946-08-21","395000000"
"1946-09-01","188000000"
"1946-09-11","117000000"
"1946-09-21","70199996.95"
"1946-10-01","41000000"
"1946-10-11","26600000.38"
"1946-10-21","20500000"
"1946-11-01","13199999.81"
"1946-11-11","9500000"
"1946-11-21","6699999.809"
"1946-12-01","4500000"
"1946-12-11","3200000.048"
"1946-12-21","2200000.048"
"1947-01-01","1399999.976"
"1947-01-11","1200000.048"
"1947-01-21","1000000"
"1947-02-01","800000.0119"
"1947-02-11","600000.0238"
"1947-02-21","400000.006"
"1947-03-01","200000.003"
"1947-03-11","-"
"1947-03-21","-"
"1947-06-01","-"
"1947-06-11","1200000.048"
"1947-06-21","2200000.048"
"1947-07-01","8399999.619"
"1947-07-11","27299999.24"
"1947-07-21","48700000.76"
"1947-08-01","90900001.53"
"1947-08-11","151000000"
"1947-08-21","230000000"
"1947-09-01","156000000"
"1947-09-11","109000000"
"1947-09-21","69800003.05"
"1947-10-01","44200000.76"
"1947-10-11","25399999.62"
"1947-10-21","11800000.19"
"1947-11-01","6699999.809"
"1947-11-11","4500000"
"1947-11-21","3400000.095"
"1947-12-01","2599999.905"
"1947-12-11","2299999.952"
"1947-12-21","1899999.976"
"1948-01-01","1500000"
"1948-01-11","1299999.952"
"1948-01-21","1100000.024"
"1948-02-01","699999.9881"
"1948-02-11","500000"
"1948-02-21","100000.0015"
"1948-06-01","-"
"1948-06-11","7500000"
"1948-06-21","15699999.81"
"1948-07-01","41599998.47"
"1948-07-11","34200000.76"
"1948-07-21","81199996.95"
"1948-08-01","91599998.47"
"1948-08-11","187000000"
"1948-08-21","163000000"
"1948-09-01","125000000"
"1948-09-11","108000000"
"1948-09-21","65800003.05"
"1948-10-01","47400001.53"
"1948-10-11","32099998.47"
"1948-10-21","17600000.38"
"1948-11-01","9100000.381"
"1948-11-11","6000000"
"1948-11-21","4099999.905"
"1948-12-01","3500000"
"1948-12-11","3000000"
"1948-12-21","2299999.952"
"1949-01-01","1799999.952"
"1949-01-11","1600000.024"
"1949-01-21","1500000"
"1949-02-01","899999.9762"
"1949-02-11","500000"
"1949-02-21","-"
"1949-06-01","1500000"
"1949-06-11","1899999.976"
"1949-06-21","5800000.191"
"1949-07-01","18700000.76"
"1949-07-11","20000000"
"1949-07-21","63500000"
"1949-08-01","149000000"
"1949-08-11","143000000"
"1949-08-21","109000000"
"1949-09-01","128000000"
"1949-09-11","131000000"
"1949-09-21","60000000"
"1949-10-01","41500000"
"1949-10-11","24899999.62"
"1949-10-21","15500000"
"1949-11-01","9199999.809"
"1949-11-11","5400000.095"
"1949-11-21","3700000.048"
"1949-12-01","2700000.048"
"1949-12-11","2200000.048"
"1949-12-21","2900000.095"
"1950-01-01","2500000"
"1950-01-11","1799999.952"
"1950-01-21","699999.9881"
"1950-07-01","27399999.62"
"1950-07-11","64300003.05"
"1950-07-21","116000000"
"1950-08-01","265000000"
"1950-08-11","213000000"
"1950-08-21","161000000"
"1950-09-01","269000000"
"1950-09-11","143000000"
"1950-09-21","80900001.53"
"1950-10-01","41599998.47"
"1950-10-11","25200000.76"
"1950-10-21","14899999.62"
"1950-11-01","8100000.381"
"1950-11-11","5599999.905"
"1950-11-21","4500000"
"1950-12-01","3599999.905"
"1950-12-11","2900000.095"
"1950-12-21","2500000"
"1951-01-01","2299999.952"
"1951-01-11","1899999.976"
"1951-01-21","1200000.048"
"1951-02-01","200000.003"
"1951-06-21","3099999.905"
"1951-07-01","2099999.905"
"1951-07-11","37700000.76"
"1951-07-21","116000000"
"1951-08-01","134000000"
"1951-08-11","126000000"
"1951-08-21","175000000"
"1951-09-01","174000000"
"1951-09-11","68099998.47"
"1951-09-21","44200000.76"
"1951-10-01","35900001.53"
"1951-10-11","29200000.76"
"1951-10-21","18700000.76"
"1951-11-01","11100000.38"
"1951-11-11","10500000"
"1951-11-21","9800000.191"
"1951-12-01","5199999.809"
"1951-12-11","3500000"
"1951-12-21","2400000.095"
"1952-01-01","2099999.905"
"1952-01-11","1500000"
"1952-01-21","1000000"
"1952-07-01","9199999.809"
"1952-07-11","34400001.53"
"1952-07-21","62599998.47"
"1952-08-01","119000000"
"1952-08-11","155000000"
"1952-08-21","201000000"
"1952-09-01","161000000"
"1952-09-11","117000000"
"1952-09-21","47099998.47"
"1952-10-01","32799999.24"
"1952-10-11","19700000.76"
"1952-10-21","10199999.81"
"1952-11-01","6400000.095"
"1952-11-11","4199999.809"
"1952-11-21","3099999.905"
"1952-12-01","1700000.048"
"1952-12-11","1500000"
"1952-12-21","1200000.048"
"1953-01-01","800000.0119"
"1953-01-11","699999.9881"
"1953-01-21","200000.003"
"1953-02-01","100000.0015"
"1953-02-11","-"
"1953-02-21","-"
"1953-03-01","-"
"1953-03-11","-"
"1953-03-21","-"
"1953-04-01","-"
"1953-04-11","-"
"1953-04-21","-"
"1953-05-01","-"
"1953-05-11","-"
"1953-05-21","-"
"1953-06-01","-"
"1953-06-11","4400000.095"
"1953-06-21","16700000.76"
"1953-07-01","28500000"
"1953-07-11","50299999.24"
"1953-07-21","115000000"
"1953-08-01","163000000"
"1953-08-11","266000000"
"1953-08-21","278000000"
"1953-09-01","182000000"
"1953-09-11","110000000"
"1953-09-21","78599998.47"
"1953-10-01","48799999.24"
"1953-10-11","28000000"
"1953-10-21","16500000"
"1953-11-01","9899999.619"
"1953-11-11","6699999.809"
"1953-11-21","5000000"
"1953-12-01","4099999.905"
"1953-12-11","3599999.905"
"1953-12-21","3200000.048"
"1954-01-01","2700000.048"
"1954-01-11","1899999.976"
"1954-01-21","1500000"
"1954-02-01","1000000"
"1954-02-11","600000.0238"
"1954-02-21","300000.0119"
"1954-03-01","100000.0015"
"1954-03-11","100000.0015"
"1954-03-21","-"
"1954-04-01","-"
"1954-04-11","-"
"1954-04-21","-"
"1954-05-01","-"
"1954-05-11","-"
"1954-05-21","-"
"1954-06-01","-"
"1954-06-11","-"
"1954-06-21","15500000"
"1954-07-01","23200000.76"
"1954-07-11","44099998.47"
"1954-07-21","149000000"
"1954-08-01","245000000"
"1954-08-11","280000000"
"1954-08-21","343000000"
"1954-09-01","296000000"
"1954-09-11","207000000"
"1954-09-21","185000000"
"1954-10-01","116000000"
"1954-10-11","63099998.47"
"1954-10-21","31600000.38"
"1954-11-01","18700000.76"
"1954-11-11","11699999.81"
"1954-11-21","8100000.381"
"1954-12-01","6699999.809"
"1954-12-11","5199999.809"
"1954-12-21","3900000.095"
"1955-07-01","15899999.62"
"1955-07-11","31399999.62"
"1955-07-21","50599998.47"
"1955-08-01","138000000"
"1955-08-11","175000000"
"1955-08-21","193000000"
"1955-09-01","233000000"
"1955-09-11","139000000"
"1955-09-21","129000000"
"1955-10-01","107000000"
"1955-10-11","50099998.47"
"1955-10-21","26299999.24"
"1955-11-01","14399999.62"
"1955-11-11","9300000.191"
"1955-11-21","6000000"
"1955-12-01","3500000"
"1955-12-11","2799999.952"
"1955-12-21","1200000.048"
"1956-07-01","47200000.76"
"1956-07-11","55099998.47"
"1956-07-21","83400001.53"
"1956-08-01","137000000"
"1956-08-11","220000000"
"1956-08-21","223000000"
"1956-09-01","203000000"
"1956-09-11","106000000"
"1956-09-21","70400001.53"
"1956-10-01","71000000"
"1956-10-11","65800003.05"
"1956-10-21","52299999.24"
"1956-11-01","31500000"
"1956-11-11","17799999.24"
"1956-11-21","11399999.62"
"1956-12-01","7199999.809"
"1956-12-11","5099999.905"
"1956-12-21","3200000.048"
"1957-01-01","4400000.095"
"1957-01-11","3599999.905"
"1957-01-21","2900000.095"
"1957-02-01","2400000.095"
"1957-02-11","2400000.095"
"1957-02-21","1700000.048"
"1957-03-01","1100000.024"
"1957-03-11","1000000"
"1957-03-21","800000.0119"
"1957-04-01","699999.9881"
"1957-04-11","600000.0238"
"1957-04-21","500000"
"1957-05-01","300000.0119"
"1957-05-11","300000.0119"
"1957-05-21","300000.0119"
"1957-06-01","100000.0015"
"1957-06-11","3200000.048"
"1957-06-21","3900000.095"
"1957-07-01","2200000.048"
"1957-07-11","24799999.24"
"1957-07-21","45799999.24"
"1957-08-01","93400001.53"
"1957-08-11","177000000"
"1957-08-21","233000000"
"1957-09-01","164000000"
"1957-09-11","96300003.05"
"1957-09-21","53700000.76"
"1957-10-01","21299999.24"
"1957-10-11","11199999.81"
"1957-10-21","7699999.809"
"1957-11-01","4500000"
"1957-11-11","3299999.952"
"1957-11-21","2900000.095"
"1957-12-01","2500000"
"1957-12-11","2299999.952"
"1957-12-21","2099999.905"
"1958-01-01","2099999.905"
"1958-01-11","2099999.905"
"1958-01-21","1399999.976"
"1958-02-01","1200000.048"
"1958-02-11","1600000.024"
"1958-02-21","1000000"
"1958-03-01","500000"
"1958-03-11","-"
"1958-03-21","-"
"1958-04-01","-"
"1958-04-11","-"
"1958-04-21","-"
"1958-05-01","-"
"1958-05-11","-"
"1958-05-21","-"
"1958-06-01","-"
"1958-06-11","300000.0119"
"1958-06-21","9399999.619"
"1958-07-01","17700000.76"
"1958-07-11","30299999.24"
"1958-07-21","96300003.05"
"1958-08-01","180000000"
"1958-08-11","246000000"
"1958-08-21","282000000"
"1958-09-01","239000000"
"1958-09-11","99400001.53"
"1958-09-21","64000000"
"1958-10-01","56599998.47"
"1958-10-11","36099998.47"
"1958-10-21","16600000.38"
"1958-11-01","8600000.381"
"1958-11-11","7000000"
"1958-11-21","5000000"
"1958-12-01","3500000"
"1958-12-11","2599999.905"
"1958-12-21","1799999.952"
"1959-01-01","1799999.952"
"1959-01-11","1399999.976"
"1959-01-21","1000000"
"1959-02-01","600000.0238"
"1959-02-11","400000.006"
"1959-02-21","400000.006"
"1959-03-01","200000.003"
"1959-03-11","-"
"1959-03-21","-"
"1959-04-01","-"
"1959-04-11","-"
"1959-04-21","-"
"1959-05-01","-"
"1959-05-11","-"
"1959-05-21","-"
"1959-06-01","-"
"1959-06-11","-"
"1959-06-21","-"
"1959-07-01","4099999.905"
"1959-07-11","52200000.76"
"1959-07-21","107000000"
"1959-08-01","189000000"
"1959-08-11","263000000"
"1959-08-21","338000000"
"1959-09-01","225000000"
"1959-09-11","219000000"
"1959-09-21","112000000"
"1959-10-01","49099998.47"
"1959-10-11","34900001.53"
"1959-10-21","23799999.24"
"1959-11-01","17299999.24"
"1959-11-11","9000000"
"1959-11-21","7400000.095"
"1959-12-01","5699999.809"
"1959-12-11","3900000.095"
"1959-12-21","3000000"
"1960-01-01","2299999.952"
"1960-01-11","2000000"
"1960-01-21","1500000"
"1960-02-01","1100000.024"
"1960-02-11","800000.0119"
"1960-02-21","600000.0238"
"1960-03-01","400000.006"
"1960-03-11","100000.0015"
"1960-03-21","-"
"1960-04-01","-"
"1960-04-11","-"
"1960-04-21","-"
"1960-05-01","-"
"1960-05-11","-"
"1960-05-21","-"
"1960-06-01","-"
"1960-06-11","-"
"1960-06-21","800000.0119"
"1960-07-01","19500000"
"1960-07-11","43500000"
"1960-07-21","80400001.53"
"1960-08-01","119000000"
"1960-08-11","119000000"
"1960-08-21","165000000"
"1960-09-01","161000000"
"1960-09-11","109000000"
"1960-09-21","62599998.47"
"1960-10-01","42299999.24"
"1960-10-11","23700000.76"
"1960-10-21","13199999.81"
"1960-11-01","8199999.809"
"1960-11-11","5300000.191"
"1960-11-21","3500000"
"1960-12-01","2500000"
"1960-12-11","1700000.048"
"1960-12-21","1200000.048"
"1961-01-01","1100000.024"
"1961-01-11","699999.9881"
"1961-01-21","400000.006"
"1961-02-01","300000.0119"
"1961-02-11","200000.003"
"1961-02-21","-"
"1961-03-01","-"
"1961-03-11","-"
"1961-03-21","-"
"1961-04-01","-"
"1961-04-11","-"
"1961-04-21","-"
"1961-05-01","-"
"1961-05-11","-"
"1961-05-21","-"
"1961-06-01","-"
"1961-06-11","-"
"1961-06-21","4699999.809"
"1961-07-01","83400001.53"
"1961-07-11","138000000"
"1961-07-21","202000000"
"1961-08-01","162000000"
"1961-08-11","195000000"
"1961-08-21","232000000"
"1961-09-01","238000000"
"1961-09-11","166000000"
"1961-09-21","79000000"
"1961-10-01","47299999.24"
"1961-10-11","51299999.24"
"1961-10-21","19500000"
"1961-11-01","11100000.38"
"1961-11-11","8000000"
"1961-11-21","6199999.809"
"1961-12-01","5900000.095"
"1961-12-11","5300000.191"
"1961-12-21","3900000.095"
"1962-01-01","2799999.952"
"1962-01-11","2099999.905"
"1962-01-21","1600000.024"
"1962-02-01","1200000.048"
"1962-02-11","800000.0119"
"1962-02-21","600000.0238"
"1962-03-01","400000.006"
"1962-03-11","200000.003"
"1962-03-21","100000.0015"
"1962-04-01","-"
"1962-04-11","-"
"1962-04-21","-"
"1962-05-01","-"
"1962-05-11","-"
"1962-05-21","-"
"1962-06-01","-"
"1962-06-11","-"
"1962-06-21","-"
"1962-07-01","3299999.952"
"1962-07-11","34500000"
"1962-07-21","73099998.47"
"1962-08-01","143000000"
"1962-08-11","220000000"
"1962-08-21","220000000"
"1962-09-01","233000000"
"1962-09-11","130000000"
"1962-09-21","87000000"
"1962-10-01","55000000"
"1962-10-11","32200000.76"
"1962-10-21","13100000.38"
"1962-11-01","9199999.809"
"1962-11-11","7300000.191"
"1962-11-21","6500000"
"1962-12-01","5900000.095"
"1962-12-11","5000000"
"1962-12-21","4500000"
"1963-01-01","1799999.952"
"1963-01-11","1330000.043"
"1963-01-21","1169999.957"
"1963-02-01","819999.9928"
"1963-02-11","639999.9857"
"1963-02-21","500000"
"1963-03-01","-"
"1963-03-11","-"
"1963-03-21","-"
"1963-04-01","-"
"1963-04-11","-"
"1963-04-21","-"
"1963-05-01","-"
"1963-05-11","-"
"1963-05-21","2599999.905"
"1963-06-01","349999.994"
"1963-06-11","-"
"1963-06-21","1700000.048"
"1963-07-01","9449999.809"
"1963-07-11","50500000"
"1963-07-21","77900001.53"
"1963-08-01","133000000"
"1963-08-11","168000000"
"1963-08-21","186000000"
"1963-09-01","180000000"
"1963-09-11","89000000"
"1963-09-21","55799999.24"
"1963-10-01","42000000"
"1963-10-11","23200000.76"
"1963-10-21","10000000"
"1963-11-01","5400000.095"
"1963-11-11","4400000.095"
"1963-11-21","5099999.905"
"1963-12-01","3900000.095"
"1963-12-11","3400000.095"
"1963-12-21","2799999.952"
"1964-01-01","1490000.01"
"1964-01-11","1179999.948"
"1964-01-21","1009999.99"
"1964-02-01","879999.9952"
"1964-02-11","800000.0119"
"1964-02-21","750000"
"1964-03-01","720000.0286"
"1964-03-11","-"
"1964-03-21","-"
"1964-04-01","-"
"1964-04-11","-"
"1964-04-21","-"
"1964-05-01","-"
"1964-05-11","-"
"1964-05-21","-"
"1964-06-01","-"
"1964-06-11","-"
"1964-06-21","-"
"1964-07-01","7900000.095"
"1964-07-11","25600000.38"
"1964-07-21","15399999.62"
"1964-08-01","216000000"
"1964-08-11","220000000"
"1964-08-21","261000000"
"1964-09-01","200000000"
"1964-09-11","178000000"
"1964-09-21","97099998.47"
"1964-10-01","31399999.62"
"1964-10-11","35299999.24"
"1964-10-21","21200000.76"
"1964-11-01","11000000"
"1964-11-11","5800000.191"
"1964-11-21","2799999.952"
"1964-12-01","1500000"
"1964-12-11","300000.0119"
"1964-12-21","-"
"1965-01-01","2099999.905"
"1965-01-11","1899999.976"
"1965-01-21","11399999.62"
"1965-02-01","10899999.62"
"1965-02-11","2099999.905"
"1965-02-21","649999.9762"
"1965-03-01","-"
"1965-03-11","-"
"1965-03-21","-"
"1965-04-01","-"
"1965-04-11","-"
"1965-04-21","-"
"1965-05-01","50000.00075"
"1965-05-11","699999.9881"
"1965-05-21","689999.9976"
"1965-06-01","400000.006"
"1965-06-11","400000.006"
"1965-06-21","3200000.048"
"1965-07-01","27500000"
"1965-07-11","31500000"
"1965-07-21","46200000.76"
"1965-08-01","93900001.53"
"1965-08-11","124000000"
"1965-08-21","163000000"
"1965-09-01","152000000"
"1965-09-11","51200000.76"
"1965-09-21","22600000.38"
"1965-10-01","7300000.191"
"1965-10-11","13500000"
"1965-10-21","10500000"
"1965-11-01","2500000"
"1965-11-11","699999.9881"
"1965-11-21","300000.0119"
"1965-12-01","-"
"1965-12-11","-"
"1965-12-21","-"
"1966-01-01","349999.994"
"1966-01-11","200000.003"
"1966-01-21","50000.00075"
"1966-02-01","-"
"1966-02-11","-"
"1966-02-21","-"
"1966-03-01","-"
"1966-03-11","-"
"1966-03-21","-"
"1966-04-01","-"
"1966-04-11","6300000.191"
"1966-04-21","6500000"
"1966-05-01","5099999.905"
"1966-05-11","3549999.952"
"1966-05-21","2759999.99"
"1966-06-01","2700000.048"
"1966-06-11","4199999.809"
"1966-06-21","34599998.47"
"1966-07-01","15199999.81"
"1966-07-11","14399999.62"
"1966-07-21","36000000"
"1966-08-01","96800003.05"
"1966-08-11","112000000"
"1966-08-21","127000000"
"1966-09-01","84000000"
"1966-09-11","59200000.76"
"1966-09-21","39299999.24"
"1966-10-01","10300000.19"
"1966-10-11","5400000.095"
"1966-10-21","5400000.095"
"1966-11-01","2299999.952"
"1966-11-11","1299999.952"
"1966-11-21","500000"
"1966-12-01","600000.0238"
"1966-12-11","1200000.048"
"1966-12-21","1200000.048"
"1967-01-01","500000"
"1967-01-11","300000.0119"
"1967-01-21","-"
"1967-02-01","-"
"1967-02-11","-"
"1967-02-21","379999.9952"
"1967-03-01","-"
"1967-03-11","-"
"1967-03-21","280000.0012"
"1967-04-01","3900000.095"
"1967-04-11","1299999.952"
"1967-04-21","2599999.905"
"1967-05-01","5300000.191"
"1967-05-11","7199999.809"
"1967-05-21","5000000"
"1967-06-01","3150000.095"
"1967-06-11","1450000.048"
"1967-06-21","6500000"
"1967-07-01","21700000.76"
"1967-07-11","38000000"
"1967-07-21","89400001.53"
"1967-08-01","136000000"
"1967-08-11","197000000"
"1967-08-21","239000000"
"1967-09-01","206000000"
"1967-09-11","128000000"
"1967-09-21","66099998.47"
"1967-10-01","31100000.38"
"1967-10-11","45599998.47"
"1967-10-21","15199999.81"
"1967-11-01","4599999.905"
"1967-11-11","2099999.905"
"1967-11-21","2299999.952"
"1967-12-01","899999.9762"
"1967-12-11","500000"
"1967-12-21","-"
"1968-01-01","349999.994"
"1968-01-11","310000.0024"
"1968-01-21","159999.9964"
"1968-02-01","150000.006"
"1968-02-11","129999.9952"
"1968-02-21","119999.9973"
"1968-03-01","109999.9994"
"1968-03-11","79999.99821"
"1968-03-21","70000.0003"
"1968-04-01","70000.0003"
"1968-04-11","50000.00075"
"1968-04-21","-"
"1968-05-01","3200000.048"
"1968-05-11","8600000.381"
"1968-05-21","4000000"
"1968-06-01","2599999.905"
"1968-06-11","7000000"
"1968-06-21","13199999.81"
"1968-07-01","27799999.24"
"1968-07-11","47200000.76"
"1968-07-21","83500000"
"1968-08-01","110000000"
"1968-08-11","131000000"
"1968-08-21","133000000"
"1968-09-01","59799999.24"
"1968-09-11","2700000.048"
"1968-09-21","10600000.38"
"1968-10-01","17200000.76"
"1968-10-11","18100000.38"
"1968-10-21","1700000.048"
"1968-11-01","400000.006"
"1968-11-11","200000.003"
"1968-11-21","200000.003"
"1968-12-01","100000.0015"
"1968-12-11","100000.0015"
"1968-12-21","100000.0015"
"1969-01-01","-"
"1969-01-11","-"
"1969-01-21","-"
"1969-02-01","-"
"1969-02-11","-"
"1969-02-21","-"
"1969-03-01","-"
"1969-03-11","-"
"1969-03-21","-"
"1969-04-01","-"
"1969-04-11","-"
"1969-04-21","400000.006"
"1969-05-01","400000.006"
"1969-05-11","800000.0119"
"1969-05-21","4900000.095"
"1969-06-01","3200000.048"
"1969-06-11","2400000.095"
"1969-06-21","4199999.809"
"1969-07-01","31799999.24"
"1969-07-11","51000000"
"1969-07-21","38599998.47"
"1969-08-01","126000000"
"1969-08-11","200000000"
"1969-08-21","177000000"
"1969-09-01","89500000"
"1969-09-11","35099998.47"
"1969-09-21","19299999.24"
"1969-10-01","4199999.809"
"1969-10-11","2799999.952"
"1969-10-21","1000000"
"1969-11-01","500000"
"1969-11-11","300000.0119"
"1969-11-21","200000.003"
"1969-12-01","200000.003"
"1969-12-11","100000.0015"
"1969-12-21","100000.0015"
"1970-01-01","-"
"1970-01-11","-"
"1970-01-21","-"
"1970-02-01","-"
"1970-02-11","-"
"1970-02-21","-"
"1970-03-01","-"
"1970-03-11","-"
"1970-03-21","-"
"1970-04-01","250000"
"1970-04-11","100000.0015"
"1970-04-21","-"
"1970-05-01","-"
"1970-05-11","-"
"1970-05-21","-"
"1970-06-01","-"
"1970-06-11","-"
"1970-06-21","-"
"1970-07-01","100000.0015"
"1970-07-11","21600000.38"
"1970-07-21","77199996.95"
"1970-08-01","144000000"
"1970-08-11","203000000"
"1970-08-21","260000000"
"1970-09-01","154000000"
"1970-09-11","100000000"
"1970-09-21","44599998.47"
"1970-10-01","10600000.38"
"1970-10-11","11600000.38"
"1970-10-21","7820000.172"
"1970-11-01","4099999.905"
"1970-11-11","3000000"
"1970-11-21","1000000"
"1970-12-01","1000000"
"1970-12-11","1000000"
"1970-12-21","1000000"
"1971-01-01","-"
"1971-01-11","-"
"1971-01-21","-"
"1971-02-01","-"
"1971-02-11","-"
"1971-02-21","-"
"1971-03-01","-"
"1971-03-11","-"
"1971-03-21","-"
"1971-04-01","-"
"1971-04-11","-"
"1971-04-21","-"
"1971-05-01","-"
"1971-05-11","-"
"1971-05-21","-"
"1971-06-01","-"
"1971-06-11","-"
"1971-06-21","-"
"1971-07-01","26000000"
"1971-07-11","38500000"
"1971-07-21","48900001.53"
"1971-08-01","67000000"
"1971-08-11","119000000"
"1971-08-21","166000000"
"1971-09-01","146000000"
"1971-09-11","62000000"
"1971-09-21","28000000"
"1971-10-01","15199999.81"
"1971-10-11","8399999.619"
"1971-10-21","4000000"
"1971-11-01","2000000"
"1971-11-11","1000000"
"1971-11-21","200000.003"
"1971-12-01","-"
"1971-12-11","-"
"1971-12-21","-"
"1972-01-01","-"
"1972-01-11","-"
"1972-01-21","-"
"1972-02-01","-"
"1972-02-11","-"
"1972-02-21","-"
"1972-03-01","-"
"1972-03-11","-"
"1972-03-21","-"
"1972-04-01","-"
"1972-04-11","-"
"1972-04-21","-"
"1972-05-01","-"
"1972-05-11","-"
"1972-05-21","-"
"1972-06-01","-"
"1972-06-11","-"
"1972-06-21","-"
"1972-07-01","64000000"
"1972-07-11","85400001.53"
"1972-07-21","92199996.95"
"1972-08-01","92599998.47"
"1972-08-11","116000000"
"1972-08-21","128000000"
"1972-09-01","25500000"
"1972-09-11","7599999.905"
"1972-09-21","25299999.24"
"1972-10-01","12300000.19"
"1972-10-11","2099999.905"
"1972-10-21","639999.9857"
"1972-11-01","-"
"1972-11-11","-"
"1972-11-21","-"
"1972-12-01","-"
"1972-12-11","-"
"1972-12-21","-"
"1973-07-01","53599998.47"
"1973-07-11","50400001.53"
"1973-07-21","92000000"
"1973-08-01","174000000"
"1973-08-11","278000000"
"1973-08-21","187000000"
"1973-09-01","59200000.76"
"1973-09-11","61000000"
"1973-09-21","33299999.24"
"1973-10-01","17000000"
"1973-10-11","14199999.81"
"1973-10-21","7469999.79"
"1973-11-01","2500000"
"1973-11-11","1100000.024"
"1973-11-21","500000"
"1973-12-01","-"
"1973-12-11","-"
"1973-12-21","-"
"1974-07-01","23200000.76"
"1974-07-11","36500000"
"1974-07-21","53500000"
"1974-08-01","85099998.47"
"1974-08-11","163000000"
"1974-08-21","189000000"
"1974-09-01","105000000"
"1974-09-11","112000000"
"1974-09-21","70599998.47"
"1974-10-01","47700000.76"
"1974-10-11","21100000.38"
"1974-10-21","5300000.191"
"1974-11-01","2400000.095"
"1974-11-11","1700000.048"
"1974-11-21","899999.9762"
"1974-12-01","500000"
"1974-12-11","200000.003"
"1974-12-21","-"
"1975-07-01","33299999.24"
"1975-07-11","48000000"
"1975-07-21","49400001.53"
"1975-08-01","169000000"
"1975-08-11","235000000"
"1975-08-21","250000000"
"1975-09-01","255000000"
"1975-09-11","153000000"
"1975-09-21","90000000"
"1975-10-01","53599998.47"
"1975-10-11","32500000"
"1975-10-21","9199999.809"
"1975-11-01","6400000.095"
"1975-11-11","1500000"
"1975-11-21","600000.0238"
"1975-12-01","600000.0238"
"1975-12-11","500000"
"1975-12-21","500000"
"1976-07-01","60400001.53"
"1976-07-11","64000000"
"1976-07-21","92000000"
"1976-08-01","155000000"
"1976-08-11","150000000"
"1976-08-21","131000000"
"1976-09-01","98000000"
"1976-09-11","31000000"
"1976-09-21","38000000"
"1976-10-01","14000000"
"1976-10-11","3799999.952"
"1976-10-21","2099999.905"
"1976-11-01","1000000"
"1976-11-11","500000"
"1976-11-21","-"
"1976-12-01","-"
"1976-12-11","-"
"1976-12-21","-"
"1977-07-01","61799999.24"
"1977-07-11","95000000"
"1977-07-21","125000000"
"1977-08-01","102000000"
"1977-08-11","261000000"
"1977-08-21","218000000"
"1977-09-01","82500000"
"1977-09-11","49200000.76"
"1977-09-21","38299999.24"
"1977-10-01","20600000.38"
"1977-10-11","12199999.81"
"1977-10-21","6599999.905"
"1977-11-01","6599999.905"
"1977-11-11","3599999.905"
"1977-11-21","3000000"
"1977-12-01","2900000.095"
"1977-12-11","2900000.095"
"1977-12-21","2500000"
"1978-07-01","36200000.76"
"1978-07-11","31799999.24"
"1978-07-21","40299999.24"
"1978-08-01","91800003.05"
"1978-08-11","115000000"
"1978-08-21","140000000"
"1978-09-01","64500000"
"1978-09-11","45700000.76"
"1978-09-21","44099998.47"
"1978-10-01","32299999.24"
"1978-10-11","30000000"
"1978-10-21","14500000"
"1978-11-01","4119999.886"
"1978-11-11","300000.0119"
"1978-11-21","-"
"1978-12-01","-"
"1978-12-11","-"
"1978-12-21","-"
"1979-07-01","21500000"
"1979-07-11","11699999.81"
"1979-07-21","21500000"
"1979-08-01","46400001.53"
"1979-08-11","90800003.05"
"1979-08-21","110000000"
"1979-09-01","44299999.24"
"1979-09-11","24600000.38"
"1979-09-21","23399999.62"
"1979-10-01","19500000"
"1979-10-11","6099999.905"
"1979-10-21","2500000"
"1979-11-01","200000.003"
"1979-11-11","-"
"1979-11-21","-"
"1979-12-01","-"
"1979-12-11","-"
"1979-12-21","-"
"1980-07-01","14699999.81"
"1980-07-11","18899999.62"
"1980-07-21","40200000.76"
"1980-08-01","94500000"
"1980-08-11","168000000"
"1980-08-21","219000000"
"1980-09-01","195000000"
"1980-09-11","64500000"
"1980-09-21","8899999.619"
"1980-10-01","5599999.905"
"1980-10-11","11399999.62"
"1980-10-21","12199999.81"
"1980-11-01","4650000.095"
"1980-11-11","-"
"1980-11-21","-"
"1980-12-01","-"
"1980-12-11","-"
"1980-12-21","-"
"1981-07-01","21799999.24"
"1981-07-11","18600000.38"
"1981-07-21","42700000.76"
"1981-08-01","57200000.76"
"1981-08-11","90800003.05"
"1981-08-21","154000000"
"1981-09-01","138000000"
"1981-09-11","65400001.53"
"1981-09-21","74599998.47"
"1981-10-01","36700000.76"
"1981-10-11","18600000.38"
"1981-10-21","8420000.076"
"1981-11-01","600000.0238"
"1981-11-11","-"
"1981-11-21","-"
"1981-12-01","-"
"1981-12-11","-"
"1981-12-21","-"
"1982-07-01","13399999.62"
"1982-07-11","12699999.81"
"1982-07-21","13100000.38"
"1982-08-01","30200000.76"
"1982-08-11","44299999.24"
"1982-08-21","15600000.38"
"1982-09-01","42400001.53"
"1982-09-11","20799999.24"
"1982-09-21","11500000"
"1982-10-01","10800000.19"
"1982-10-11","18200000.76"
"1982-10-21","11300000.19"
"1982-11-01","2650000.095"
"1982-11-11","-"
"1982-11-21","-"
"1982-12-01","-"
"1982-12-11","-"
"1982-12-21","-"
"1983-07-01","4599999.905"
"1983-07-11","8199999.809"
"1983-07-21","15000000"
"1983-08-01","24299999.24"
"1983-08-11","44500000"
"1983-08-21","63799999.24"
"1983-09-01","95800003.05"
"1983-09-11","27399999.62"
"1983-09-21","11500000"
"1983-10-01","3500000"
"1983-10-11","2799999.952"
"1983-10-21","1700000.048"
"1983-11-01","-"
"1983-11-11","-"
"1983-11-21","-"
"1983-12-01","-"
"1983-12-11","-"
"1983-12-21","-"
"1984-07-01","-"
"1984-07-11","14600000.38"
"1984-07-21","22399999.62"
"1984-08-01","30399999.62"
"1984-08-11","26200000.76"
"1984-08-21","23100000.38"
"1984-09-01","2099999.905"
"1984-09-11","7900000.095"
"1984-09-21","3200000.048"
"1984-10-01","2900000.095"
"1984-10-11","-"
"1984-10-21","-"
"1985-07-01","100000000"
"1985-07-11","114000000"
"1985-07-21","202000000"
"1985-08-01","340000000"
"1985-08-11","226000000"
"1985-08-21","53000000"
"1985-09-01","28200000.76"
"1985-09-11","6000000"
"1985-09-21","4000000"
"1985-10-01","3400000.095"
"1985-10-11","3099999.905"
"1985-10-21","2700000.048"
"1986-08-01","160000000"
"1986-08-11","127000000"
"1986-08-21","92000000"
"1986-09-01","166000000"
"1986-09-11","88000000"
"1986-09-21","30000000"
"1986-10-01","5000000"
"1986-10-11","6000000"
"1986-10-21","5000000"
"1987-07-01","-"
"1987-07-11","-"
"1987-07-21","11300000.19"
"1987-08-01","13300000.19"
"1987-08-11","88099998.47"
"1987-08-21","120000000"
"1987-09-01","102000000"
"1987-09-11","26200000.76"
"1987-09-21","9000000"
"1987-10-01","13300000.19"
"1987-10-11","20100000.38"
"1987-10-21","13500000"
"1987-12-01","11899999.62"
"1987-12-11","11899999.62"
"1987-12-21","11899999.62"
"1988-07-01","38500000"
"1988-07-11","40599998.47"
"1988-07-21","79199996.95"
"1988-08-01","18100000.38"
"1988-08-11","22000000"
"1988-08-21","23500000"
"1988-09-01","200000000"
"1988-09-11","137000000"
"1988-09-21","170000000"
"1988-10-01","63500000"
"1988-10-11","58200000.76"
"1988-10-21","78599998.47"
"1988-11-01","19500000"
"1988-11-11","4900000.095"
"1988-11-21","2900000.095"
"1988-12-01","1200000.048"
"1989-07-01","8100000.381"
"1989-07-11","21200000.76"
"1989-07-21","44200000.76"
"1989-08-01","48299999.24"
"1989-08-11","75199996.95"
"1989-08-21","114000000"
"1989-09-01","114000000"
"1989-09-11","62599998.47"
"1989-09-21","30799999.24"
"1989-10-01","34500000"
"1989-10-11","20700000.76"
"1989-10-21","6900000.095"
"1989-11-01","-"
"1989-11-11","-"
"1989-11-21","-"
"1989-12-01","-"
"1989-12-11","-"
"1989-12-21","-"
"1990-07-01","2099999.905"
"1990-07-11","2900000.095"
"1990-07-21","9899999.619"
"1990-08-01","36799999.24"
"1990-08-11","67199996.95"
"1990-08-21","60099998.47"
"1990-09-01","76300003.05"
"1990-09-11","73199996.95"
"1990-09-21","13899999.62"
"1990-10-01","8300000.191"
"1990-10-11","3200000.048"
"1990-10-21","3000000"
"1990-11-01","-"
"1990-11-11","-"
"1990-11-21","-"
"1990-12-01","-"
"1990-12-11","-"
"1990-12-21","-"
"1991-07-01","9199999.809"
"1991-07-11","25500000"
"1991-07-21","34500000"
"1991-08-01","44799999.24"
"1991-08-11","187000000"
"1991-08-21","192000000"
"1991-09-01","125000000"
"1991-09-11","62400001.53"
"1991-09-21","29500000"
"1991-10-01","14199999.81"
"1991-10-11","5599999.905"
"1991-10-21","2500000"
"1991-11-01","-"
"1991-11-11","-"
"1991-11-21","-"
"1991-12-01","-"
"1991-12-11","-"
"1991-12-21","-"
"1992-07-01","-"
"1992-07-11","17200000.76"
"1992-07-21","14399999.62"
"1992-08-01","59500000"
"1992-08-11","15300000.19"
"1992-08-21","176000000"
"1992-09-01","174000000"
"1992-09-11","120000000"
"1992-09-21","37200000.76"
"1992-10-01","6800000.191"
"1992-10-11","42900001.53"
"1992-10-21","47500000"
"1992-11-01","15699999.81"
"1992-11-11","-"
"1992-11-21","-"
"1992-12-01","-"
"1992-12-11","-"
"1992-12-21","-"
"1993-06-01","22399999.62"
"1993-06-11","26700000.76"
"1993-06-21","15800000.19"
"1993-07-01","19500000"
"1993-07-11","36599998.47"
"1993-07-21","44700000.76"
"1993-08-01","97800003.05"
"1993-08-11","103000000"
"1993-08-21","112000000"
"1993-09-01","124000000"
"1993-09-11","109000000"
"1993-09-21","52500000"
"1993-10-01","26500000"
"1993-10-11","20799999.24"
"1993-10-21","13600000.38"
"1994-07-21","43599998.47"
"1994-08-01","174000000"
"1994-08-11","245000000"
"1994-08-21","272000000"
"1994-09-01","334000000"
"1994-09-11","89699996.95"
"1994-09-21","35299999.24"
"1994-10-01","17399999.62"
"1994-10-11","7469999.79"
"1994-10-21","1590000.033"
"1994-11-01","629999.9952"
"1994-11-11","159999.9964"
"1994-11-21","-"
"1996-06-21","10000000"
"1996-07-01","7800000.191"
"1996-07-11","36000000"
"1996-07-21","62000000"
"1996-08-01","121000000"
"1996-08-11","170000000"
"1996-08-21","140000000"
"1996-09-01","20200000.76"
"1996-09-11","96000000"
"1996-09-21","25600000.38"
"1996-10-01","23399999.62"
"1996-10-11","2400000.095"
"1996-10-21","-"
"1997-07-01","13600000.38"
"1997-07-11","57500000"
"1997-07-21","98400001.53"
"1997-08-01","112000000"
"1997-08-11","185000000"
"1997-08-21","185000000"
"1997-09-01","61200000.76"
"1997-09-11","2099999.905"
"1997-09-21","2000000"