"Date","White Nile at Mogren (Khartoum) (ten-daily discharge originally in MM3|day)"
"1911-01-01","101000000"
"1911-01-11","103000000"
"1911-01-21","103000000"
"1911-02-01","96500000"
"1911-02-11","81900001.53"
"1911-02-21","67500000"
"1911-03-01","61599998.47"
"1911-03-11","60299999.24"
"1911-03-21","55500000"
"1911-04-01","50700000.76"
"1911-04-11","48599998.47"
"1911-04-21","46400001.53"
"1911-05-01","46500000"
"1911-05-11","47099998.47"
"1911-05-21","53700000.76"
"1911-06-01","60299999.24"
"1911-06-11","60700000.76"
"1911-06-21","60200000.76"
"1911-07-01","57700000.76"
"1911-07-11","49099998.47"
"1911-07-21","66000000"
"1911-12-01","100000000"
"1911-12-11","93400001.53"
"1911-12-21","86099998.47"
"1912-01-01","70400001.53"
"1912-01-11","67099998.47"
"1912-01-21","63099998.47"
"1912-02-01","58299999.24"
"1912-02-11","53200000.76"
"1912-02-21","48000000"
"1912-03-01","44099998.47"
"1912-03-11","41299999.24"
"1912-03-21","40000000"
"1912-04-01","40200000.76"
"1912-04-11","39900001.53"
"1912-04-21","39700000.76"
"1912-05-01","39200000.76"
"1912-05-11","38400001.53"
"1912-05-21","37700000.76"
"1912-06-01","37200000.76"
"1912-06-11","39000000"
"1912-06-21","45799999.24"
"1912-07-01","51900001.53"
"1912-07-11","56599998.47"
"1912-07-21","60299999.24"
"1912-10-21","102000000"
"1912-11-01","98900001.53"
"1912-11-11","106000000"
"1912-11-21","104000000"
"1912-12-01","97099998.47"
"1912-12-11","92800003.05"
"1912-12-21","91599998.47"
"1913-01-01","79800003.05"
"1913-01-11","70199996.95"
"1913-01-21","59000000"
"1913-02-01","52700000.76"
"1913-02-11","48099998.47"
"1913-02-21","46299999.24"
"1913-03-01","42099998.47"
"1913-03-11","42500000"
"1913-03-21","42900001.53"
"1913-04-01","39700000.76"
"1913-04-11","40599998.47"
"1913-04-21","38299999.24"
"1913-05-01","41000000"
"1913-05-11","40200000.76"
"1913-05-21","45200000.76"
"1913-06-01","48299999.24"
"1913-06-11","50099998.47"
"1913-06-21","53599998.47"
"1913-07-01","51500000"
"1913-07-11","49400001.53"
"1913-07-21","55000000"
"1913-08-01","56200000.76"
"1913-10-01","86400001.53"
"1913-10-11","79500000"
"1913-10-21","75300003.05"
"1913-11-01","79800003.05"
"1913-11-11","80099998.47"
"1913-11-21","75599998.47"
"1913-12-01","70199996.95"
"1913-12-11","55799999.24"
"1913-12-21","50099998.47"
"1914-01-01","48000000"
"1914-01-11","45400001.53"
"1914-01-21","40700000.76"
"1914-02-01","39700000.76"
"1914-02-11","37900001.53"
"1914-02-21","35900001.53"
"1914-03-01","35900001.53"
"1914-03-11","37099998.47"
"1914-03-21","36000000"
"1914-04-01","35400001.53"
"1914-04-11","34599998.47"
"1914-04-21","35000000"
"1914-05-01","37599998.47"
"1914-05-11","39299999.24"
"1914-05-21","37900001.53"
"1914-06-01","37799999.24"
"1914-06-11","39700000.76"
"1914-06-21","44099998.47"
"1914-07-01","43099998.47"
"1914-07-11","34400001.53"
"1914-07-21","-11600000.38"
"1914-08-01","13300000.19"
"1914-08-11","7900000.095"
"1914-08-21","81400001.53"
"1914-09-01","96500000"
"1914-09-11","125000000"
"1914-09-21","90500000"
"1914-10-01","104000000"
"1914-10-11","109000000"
"1914-10-21","132000000"
"1914-11-01","109000000"
"1914-11-11","125000000"
"1914-11-21","112000000"
"1914-12-01","108000000"
"1914-12-11","104000000"
"1914-12-21","99199996.95"
"1915-01-01","99500000"
"1915-01-11","98599998.47"
"1915-01-21","92400001.53"
"1915-02-01","84699996.95"
"1915-02-11","72000000"
"1915-02-21","61900001.53"
"1915-03-01","50500000"
"1915-03-11","49700000.76"
"1915-03-21","44200000.76"
"1915-04-01","40400001.53"
"1915-04-11","37599998.47"
"1915-04-21","36200000.76"
"1915-05-01","35299999.24"
"1915-05-11","35599998.47"
"1915-05-21","44900001.53"
"1915-06-01","50500000"
"1915-06-11","51700000.76"
"1915-06-21","48000000"
"1915-07-01","57299999.24"
"1915-07-11","62099998.47"
"1915-07-21","60700000.76"
"1915-08-01","31299999.24"
"1915-08-11","83500000"
"1915-08-21","85800003.05"
"1915-09-01","65800003.05"
"1915-09-11","61000000"
"1915-09-21","76800003.05"
"1915-10-01","105000000"
"1915-10-11","113000000"
"1915-10-21","122000000"
"1915-11-01","114000000"
"1915-11-11","97599998.47"
"1915-11-21","104000000"
"1915-12-01","100000000"
"1915-12-11","111000000"
"1915-12-21","100000000"
"1916-01-01","91400001.53"
"1916-01-11","88599998.47"
"1916-01-21","75000000"
"1916-02-01","66000000"
"1916-02-11","56099998.47"
"1916-02-21","49599998.47"
"1916-03-01","44799999.24"
"1916-03-11","42299999.24"
"1916-03-21","42200000.76"
"1916-04-01","39700000.76"
"1916-04-11","40799999.24"
"1916-04-21","40400001.53"
"1916-05-01","39099998.47"
"1916-05-11","41799999.24"
"1916-05-21","42799999.24"
"1916-06-01","46200000.76"
"1916-06-11","51799999.24"
"1916-06-21","52500000"
"1916-07-01","46099998.47"
"1916-07-11","31500000"
"1916-07-21","26200000.76"
"1916-08-01","7800000.191"
"1916-08-11","12800000.19"
"1916-08-21","74599998.47"
"1916-09-01","48900001.53"
"1916-09-11","95599998.47"
"1916-09-21","123000000"
"1916-10-01","88199996.95"
"1916-10-11","112000000"
"1916-10-21","164000000"
"1916-11-01","138000000"
"1916-11-11","127000000"
"1916-11-21","124000000"
"1916-12-01","111000000"
"1916-12-11","106000000"
"1916-12-21","107000000"
"1917-01-01","112000000"
"1917-01-11","113000000"
"1917-01-21","118000000"
"1917-02-01","113000000"
"1917-02-11","112000000"
"1917-02-21","108000000"
"1917-03-01","98500000"
"1917-03-11","85000000"
"1917-03-21","73800003.05"
"1917-04-01","63200000.76"
"1917-04-11","55599998.47"
"1917-04-21","52900001.53"
"1917-05-01","53599998.47"
"1917-05-11","55299999.24"
"1917-05-21","57700000.76"
"1917-06-01","67199996.95"
"1917-06-11","80900001.53"
"1917-06-21","102000000"
"1917-07-01","87699996.95"
"1917-07-11","42299999.24"
"1917-07-21","35400001.53"
"1917-08-01","28899999.62"
"1917-08-11","54500000"
"1917-08-21","19299999.24"
"1917-09-01","48599998.47"
"1917-09-11","65699996.95"
"1917-09-21","104000000"
"1917-10-01","162000000"
"1917-10-11","171000000"
"1917-10-21","175000000"
"1917-11-01","159000000"
"1917-11-11","133000000"
"1917-11-21","120000000"
"1917-12-01","127000000"
"1917-12-11","121000000"
"1917-12-21","114000000"
"1918-01-01","118000000"
"1918-01-11","118000000"
"1918-01-21","117000000"
"1918-02-01","116000000"
"1918-02-11","115000000"
"1918-02-21","114000000"
"1918-03-01","113000000"
"1918-03-11","113000000"
"1918-03-21","116000000"
"1918-04-01","130000000"
"1918-04-11","146000000"
"1918-04-21","148000000"
"1918-05-01","141000000"
"1918-05-11","131000000"
"1918-05-21","122000000"
"1918-06-01","113000000"
"1918-06-11","104000000"
"1918-06-21","95000000"
"1918-07-01","86400001.53"
"1918-07-11","79500000"
"1918-07-21","73300003.05"
"1918-08-01","68000000"
"1918-08-11","62700000.76"
"1918-08-21","52000000"
"1918-09-01","120000000"
"1918-09-11","171000000"
"1918-09-21","178000000"
"1918-10-01","159000000"
"1918-10-11","146000000"
"1918-10-21","138000000"
"1918-11-01","135000000"
"1918-11-11","131000000"
"1918-11-21","126000000"
"1918-12-01","119000000"
"1918-12-11","101000000"
"1918-12-21","97500000"
"1919-01-01","91900001.53"
"1919-01-11","80900001.53"
"1919-01-21","71599998.47"
"1919-02-01","68800003.05"
"1919-02-11","67099998.47"
"1919-02-21","65599998.47"
"1919-03-01","64500000"
"1919-03-11","62000000"
"1919-03-21","58599998.47"
"1919-04-01","56900001.53"
"1919-04-11","53599998.47"
"1919-04-21","52400001.53"
"1919-05-01","49900001.53"
"1919-05-11","49099998.47"
"1919-05-21","49700000.76"
"1919-06-01","49900001.53"
"1919-06-11","54599998.47"
"1919-06-21","58200000.76"
"1919-07-01","60799999.24"
"1919-07-11","67699996.95"
"1919-07-21","33700000.76"
"1919-08-01","10000000"
"1919-08-11","110000000"
"1919-08-21","35200000.76"
"1919-09-01","49500000"
"1919-09-11","81400001.53"
"1919-09-21","170000000"
"1919-10-01","174000000"
"1919-10-11","140000000"
"1919-10-21","118000000"
"1919-11-01","108000000"
"1919-11-11","97300003.05"
"1919-11-21","99199996.95"
"1919-12-01","107000000"
"1919-12-11","93699996.95"
"1919-12-21","88500000"
"1920-01-01","76699996.95"
"1920-01-11","67000000"
"1920-01-21","57099998.47"
"1920-02-01","51700000.76"
"1920-02-11","48599998.47"
"1920-02-21","48799999.24"
"1920-03-01","48000000"
"1920-03-11","47000000"
"1920-03-21","45400001.53"
"1920-04-01","46500000"
"1920-04-11","42299999.24"
"1920-04-21","41099998.47"
"1920-05-01","41500000"
"1920-05-11","45400001.53"
"1920-05-21","47299999.24"
"1920-06-01","47500000"
"1920-06-11","52700000.76"
"1920-06-21","41799999.24"
"1920-07-01","43900001.53"
"1920-07-11","61900001.53"
"1920-07-21","33400001.53"
"1920-08-01","47900001.53"
"1920-08-11","53299999.24"
"1920-08-21","73000000"
"1920-09-01","98699996.95"
"1920-09-11","106000000"
"1920-09-21","90400001.53"
"1920-10-01","99400001.53"
"1920-10-11","99400001.53"
"1920-10-21","99400001.53"
"1920-11-01","97099998.47"
"1920-11-11","103000000"
"1920-11-21","101000000"
"1920-12-01","96900001.53"
"1920-12-11","91199996.95"
"1920-12-21","93800003.05"
"1921-01-01","82099998.47"
"1921-01-11","82199996.95"
"1921-01-21","67699996.95"
"1921-02-01","58099998.47"
"1921-02-11","51099998.47"
"1921-02-21","47799999.24"
"1921-03-01","44799999.24"
"1921-03-11","43000000"
"1921-03-21","41799999.24"
"1921-04-01","43500000"
"1921-04-11","41500000"
"1921-04-21","38900001.53"
"1921-05-01","40299999.24"
"1921-05-11","35900001.53"
"1921-05-21","44200000.76"
"1921-06-01","49799999.24"
"1921-06-11","55799999.24"
"1921-06-21","54000000"
"1921-07-01","58099998.47"
"1921-07-11","60000000"
"1921-07-21","53700000.76"
"1921-08-01","49400001.53"
"1921-08-11","57500000"
"1921-08-21","64099998.47"
"1921-09-01","101000000"
"1921-09-11","57500000"
"1921-09-21","89800003.05"
"1921-10-01","115000000"
"1921-10-11","115000000"
"1921-10-21","106000000"
"1921-11-01","104000000"
"1921-11-11","96099998.47"
"1921-11-21","96000000"
"1921-12-01","89800003.05"
"1921-12-11","84500000"
"1921-12-21","92199996.95"
"1922-01-01","82500000"
"1922-01-11","68099998.47"
"1922-01-21","56299999.24"
"1922-02-01","49099998.47"
"1922-02-11","41700000.76"
"1922-02-21","41599998.47"
"1922-03-01","35900001.53"
"1922-03-11","35400001.53"
"1922-03-21","31899999.62"
"1922-04-01","30100000.38"
"1922-04-11","26600000.38"
"1922-04-21","30299999.24"
"1922-05-01","29399999.62"
"1922-05-11","29700000.76"
"1922-05-21","32000000"
"1922-06-01","38299999.24"
"1922-06-11","37700000.76"
"1922-06-21","42900001.53"
"1922-07-01","47700000.76"
"1922-07-11","47500000"
"1922-07-21","47799999.24"
"1922-08-01","11300000.19"
"1922-08-11","70000000"
"1922-08-21","60700000.76"
"1922-09-01","39900001.53"
"1922-09-11","106000000"
"1922-09-21","111000000"
"1922-10-01","81699996.95"
"1922-10-11","121000000"
"1922-10-21","125000000"
"1922-11-01","103000000"
"1922-11-11","86199996.95"
"1922-11-21","90699996.95"
"1922-12-01","85400001.53"
"1922-12-11","84599998.47"
"1922-12-21","87500000"
"1923-01-01","87699996.95"
"1923-01-11","80000000"
"1923-01-21","67500000"
"1923-02-01","54500000"
"1923-02-11","42299999.24"
"1923-02-21","39599998.47"
"1923-03-01","33900001.53"
"1923-03-11","33400001.53"
"1923-03-21","31500000"
"1923-04-01","32200000.76"
"1923-04-11","32099998.47"
"1923-04-21","39200000.76"
"1923-05-01","40599998.47"
"1923-05-11","38500000"
"1923-05-21","34900001.53"
"1923-06-01","37799999.24"
"1923-06-11","55900001.53"
"1923-06-21","59700000.76"
"1923-07-01","60799999.24"
"1923-07-11","52900001.53"
"1923-07-21","30200000.76"
"1923-08-01","32700000.76"
"1923-08-11","96199996.95"
"1923-08-21","85300003.05"
"1923-09-01","98199996.95"
"1923-09-11","83099998.47"
"1923-09-21","76500000"
"1923-10-01","161000000"
"1923-10-11","161000000"
"1923-10-21","126000000"
"1923-11-01","107000000"
"1923-11-11","103000000"
"1923-11-21","101000000"
"1923-12-01","97599998.47"
"1923-12-11","98800003.05"
"1923-12-21","103000000"
"1924-01-01","96500000"
"1924-01-11","88000000"
"1924-01-21","71099998.47"
"1924-02-01","58400001.53"
"1924-02-11","51700000.76"
"1924-02-21","47700000.76"
"1924-03-01","44500000"
"1924-03-11","41799999.24"
"1924-03-21","39000000"
"1924-04-01","38400001.53"
"1924-04-11","40400001.53"
"1924-04-21","42299999.24"
"1924-05-01","38900001.53"
"1924-05-11","43400001.53"
"1924-05-21","47400001.53"
"1924-06-01","45099998.47"
"1924-06-11","47299999.24"
"1924-06-21","50900001.53"
"1924-07-01","48400001.53"
"1924-07-11","46299999.24"
"1924-07-21","33400001.53"
"1924-08-01","54400001.53"
"1924-08-11","23200000.76"
"1924-08-21","38400001.53"
"1924-09-01","61200000.76"
"1924-09-11","106000000"
"1924-09-21","101000000"
"1924-10-01","112000000"
"1924-10-11","117000000"
"1924-10-21","104000000"
"1924-11-01","73599998.47"
"1924-11-11","87300003.05"
"1924-11-21","82400001.53"
"1924-12-01","76599998.47"
"1924-12-11","80699996.95"
"1924-12-21","78099998.47"
"1925-01-01","77199996.95"
"1925-01-11","75000000"
"1925-01-21","66300003.05"
"1925-02-01","55700000.76"
"1925-02-11","47400001.53"
"1925-02-21","43900001.53"
"1925-03-01","39599998.47"
"1925-03-11","40299999.24"
"1925-03-21","39099998.47"
"1925-04-01","35500000"
"1925-04-11","37500000"
"1925-04-21","40400001.53"
"1925-05-01","40799999.24"
"1925-05-11","41900001.53"
"1925-05-21","44700000.76"
"1925-06-01","44599998.47"
"1925-06-11","48700000.76"
"1925-06-21","49900001.53"
"1925-07-01","49799999.24"
"1925-07-11","53200000.76"
"1925-07-21","56599998.47"
"1925-08-01","42900001.53"
"1925-08-11","46299999.24"
"1925-08-21","51700000.76"
"1925-09-01","104000000"
"1925-09-11","102000000"
"1925-09-21","111000000"
"1925-10-01","110000000"
"1925-10-11","113000000"
"1925-10-21","106000000"
"1925-11-01","102000000"
"1925-11-11","94900001.53"
"1925-11-21","93199996.95"
"1925-12-01","83000000"
"1925-12-11","82900001.53"
"1925-12-21","84400001.53"
"1926-01-01","80500000"
"1926-01-11","71500000"
"1926-01-21","57200000.76"
"1926-02-01","48700000.76"
"1926-02-11","45400001.53"
"1926-02-21","40099998.47"
"1926-03-01","39200000.76"
"1926-03-11","38500000"
"1926-03-21","37799999.24"
"1926-04-01","39700000.76"
"1926-04-11","37799999.24"
"1926-04-21","36500000"
"1926-05-01","41099998.47"
"1926-05-11","42099998.47"
"1926-05-21","37799999.24"
"1926-06-01","52000000"
"1926-06-11","55799999.24"
"1926-06-21","54599998.47"
"1926-07-01","57200000.76"
"1926-07-11","64599998.47"
"1926-07-21","26899999.62"
"1926-08-01","41000000"
"1926-08-11","51799999.24"
"1926-08-21","80400001.53"
"1926-09-01","68300003.05"
"1926-09-11","123000000"
"1926-09-21","106000000"
"1926-10-01","117000000"
"1926-10-11","129000000"
"1926-10-21","121000000"
"1926-11-01","117000000"
"1926-11-11","106000000"
"1926-11-21","104000000"
"1926-12-01","100000000"
"1926-12-11","91099998.47"
"1926-12-21","95099998.47"
"1927-01-01","91300003.05"
"1927-01-11","88800003.05"
"1927-01-21","87900001.53"
"1927-02-01","79699996.95"
"1927-02-11","64599998.47"
"1927-02-21","52500000"
"1927-03-01","44599998.47"
"1927-03-11","43500000"
"1927-03-21","41500000"
"1927-04-01","37299999.24"
"1927-04-11","40000000"
"1927-04-21","39900001.53"
"1927-05-01","42500000"
"1927-05-11","45400001.53"
"1927-05-21","43700000.76"
"1927-06-01","44400001.53"
"1927-06-11","43200000.76"
"1927-06-21","52000000"
"1927-07-01","53200000.76"
"1927-07-11","57900001.53"
"1927-07-21","55900001.53"
"1927-08-01","56500000"
"1927-08-11","66199996.95"
"1927-08-21","56900001.53"
"1927-09-01","128000000"
"1927-09-11","93699996.95"
"1927-09-21","93099998.47"
"1927-10-01","113000000"
"1927-10-11","120000000"
"1927-10-21","116000000"
"1927-11-01","106000000"
"1927-11-11","92699996.95"
"1927-11-21","96900001.53"
"1927-12-01","99699996.95"
"1927-12-11","86800003.05"
"1927-12-21","66800003.05"
"1928-01-01","55000000"
"1928-01-11","48500000"
"1928-01-21","43500000"
"1928-02-01","42200000.76"
"1928-02-11","40000000"
"1928-02-21","35599998.47"
"1928-03-01","36500000"
"1928-03-11","38900001.53"
"1928-03-21","36500000"
"1928-04-01","39099998.47"
"1928-04-11","44900001.53"
"1928-04-21","51799999.24"
"1928-05-01","52000000"
"1928-05-11","59400001.53"
"1928-05-21","54799999.24"
"1928-06-01","59700000.76"
"1928-06-11","61099998.47"
"1928-06-21","57500000"
"1928-07-01","45099998.47"
"1928-07-11","35299999.24"
"1928-07-21","73599998.47"
"1928-08-01","63599998.47"
"1928-08-11","22600000.38"
"1928-08-21","100000000"
"1928-09-01","108000000"
"1928-09-11","145000000"
"1928-09-21","118000000"
"1928-10-01","114000000"
"1928-10-11","99199996.95"
"1928-10-21","112000000"
"1928-11-01","103000000"
"1928-11-11","96199996.95"
"1928-11-21","93699996.95"
"1928-12-01","95000000"
"1928-12-11","95000000"
"1928-12-21","94699996.95"
"1929-01-01","89300003.05"
"1929-01-11","78800003.05"
"1929-01-21","67099998.47"
"1929-02-01","58400001.53"
"1929-02-11","52200000.76"
"1929-02-21","49599998.47"
"1929-03-01","45299999.24"
"1929-03-11","45099998.47"
"1929-03-21","40599998.47"
"1929-04-01","41700000.76"
"1929-04-11","42900001.53"
"1929-04-21","39000000"
"1929-05-01","49099998.47"
"1929-05-11","53599998.47"
"1929-05-21","51900001.53"
"1929-06-01","60799999.24"
"1929-06-11","60500000"
"1929-06-21","68599998.47"
"1929-07-01","64599998.47"
"1929-07-11","47200000.76"
"1929-07-21","30299999.24"
"1929-08-01","47700000.76"
"1929-08-11","46299999.24"
"1929-08-21","60400001.53"
"1929-09-01","65000000"
"1929-09-11","100000000"
"1929-09-21","120000000"
"1929-10-01","129000000"
"1929-10-11","114000000"
"1929-10-21","143000000"
"1929-11-01","128000000"
"1929-11-11","113000000"
"1929-11-21","101000000"
"1929-12-01","96400001.53"
"1929-12-11","91800003.05"
"1929-12-21","88400001.53"
"1930-01-01","84000000"
"1930-01-11","80000000"
"1930-01-21","72699996.95"
"1930-02-01","66199996.95"
"1930-02-11","59400001.53"
"1930-02-21","53700000.76"
"1930-03-01","50849998.47"
"1930-03-11","48599998.47"
"1930-03-21","47000000"
"1930-04-01","42200000.76"
"1930-04-11","40799999.24"
"1930-04-21","39900001.53"
"1930-05-01","41400001.53"
"1930-05-11","44900001.53"
"1930-05-21","45500000"
"1930-06-01","45400001.53"
"1930-06-11","49599998.47"
"1930-06-21","56900001.53"
"1930-07-01","51000000"
"1930-07-11","50900001.53"
"1930-07-21","-300000.0119"
"1930-08-01","-6199999.809"
"1930-08-11","42200000.76"
"1930-08-21","112000000"
"1930-09-01","67400001.53"
"1930-09-11","123000000"
"1930-09-21","102000000"
"1930-10-01","126000000"
"1930-10-11","103000000"
"1930-10-21","95800003.05"
"1930-11-01","89500000"
"1930-11-11","83699996.95"
"1930-11-21","82599998.47"
"1930-12-01","79500000"
"1930-12-11","75000000"
"1930-12-21","68800003.05"
"1931-01-01","60500000"
"1931-01-11","54299999.24"
"1931-01-21","48700000.76"
"1931-02-01","45200000.76"
"1931-02-11","43200000.76"
"1931-02-21","40200000.76"
"1931-03-01","36599998.47"
"1931-03-11","36599998.47"
"1931-03-21","35200000.76"
"1931-04-01","35599998.47"
"1931-04-11","33700000.76"
"1931-04-21","35599998.47"
"1931-05-01","36099998.47"
"1931-05-11","37700000.76"
"1931-05-21","36500000"
"1931-06-01","43700000.76"
"1931-06-11","42599998.47"
"1931-06-21","47700000.76"
"1931-07-01","65199996.95"
"1931-07-11","67599998.47"
"1931-07-21","62299999.24"
"1931-08-01","33700000.76"
"1931-08-11","57500000"
"1931-08-21","73099998.47"
"1931-09-01","106000000"
"1931-09-11","106000000"
"1931-09-21","109000000"
"1931-10-01","132000000"
"1931-10-11","100000000"
"1931-10-21","120000000"
"1931-11-01","109000000"
"1931-11-11","101000000"
"1931-11-21","94000000"
"1931-12-01","91699996.95"
"1931-12-11","89900001.53"
"1931-12-21","86900001.53"
"1932-01-01","87400001.53"
"1932-01-11","72099998.47"
"1932-01-21","59200000.76"
"1932-02-01","49900001.53"
"1932-02-11","46500000"
"1932-02-21","45700000.76"
"1932-03-01","43700000.76"
"1932-03-11","40299999.24"
"1932-03-21","42099998.47"
"1932-04-01","40299999.24"
"1932-04-11","39599998.47"
"1932-04-21","39799999.24"
"1932-05-01","41500000"
"1932-05-11","40500000"
"1932-05-21","42000000"
"1932-06-01","50599998.47"
"1932-06-11","55000000"
"1932-06-21","58099998.47"
"1932-07-01","56299999.24"
"1932-07-11","61400001.53"
"1932-07-21","37599998.47"
"1932-08-01","63799999.24"
"1932-08-11","89199996.95"
"1932-08-21","110000000"
"1932-09-01","94300003.05"
"1932-09-11","124000000"
"1932-09-21","113000000"
"1932-10-01","132000000"
"1932-10-11","137000000"
"1932-10-21","123000000"
"1932-11-01","113000000"
"1932-11-11","110000000"
"1932-11-21","102000000"
"1932-12-01","105000000"
"1932-12-11","103000000"
"1932-12-21","101000000"
"1933-01-01","104000000"
"1933-01-11","105000000"
"1933-01-21","111000000"
"1933-02-01","107000000"
"1933-02-11","97900001.53"
"1933-02-21","82300003.05"
"1933-03-01","67900001.53"
"1933-03-11","56200000.76"
"1933-03-21","52700000.76"
"1933-04-01","49799999.24"
"1933-04-11","48500000"
"1933-04-21","48099998.47"
"1933-05-01","49900001.53"
"1933-05-11","49700000.76"
"1933-05-21","49099998.47"
"1933-06-01","52200000.76"
"1933-06-11","54900001.53"
"1933-06-21","55799999.24"
"1933-07-01","61299999.24"
"1933-07-11","53500000"
"1933-07-21","44799999.24"
"1933-08-01","44799999.24"
"1933-08-11","88800003.05"
"1933-08-21","91800003.05"
"1933-09-01","99900001.53"
"1933-09-11","114000000"
"1933-09-21","128000000"
"1933-10-01","128000000"
"1933-10-11","125000000"
"1933-10-21","119000000"
"1933-11-01","128000000"
"1933-11-11","119000000"
"1933-11-21","121000000"
"1933-12-01","112000000"
"1933-12-11","109000000"
"1933-12-21","103000000"
"1934-01-01","105000000"
"1934-01-11","99599998.47"
"1934-01-21","90699996.95"
"1934-02-01","79800003.05"
"1934-02-11","61299999.24"
"1934-02-21","52299999.24"
"1934-03-01","49500000"
"1934-03-11","49200000.76"
"1934-03-21","48599998.47"
"1934-04-01","46099998.47"
"1934-04-11","43700000.76"
"1934-04-21","43299999.24"
"1934-05-01","47000000"
"1934-05-11","49400001.53"
"1934-05-21","51900001.53"
"1934-06-01","53400001.53"
"1934-06-11","56099998.47"
"1934-06-21","59599998.47"
"1934-07-01","65800003.05"
"1934-07-11","59599998.47"
"1934-07-21","74400001.53"
"1934-08-01","52500000"
"1934-08-11","3000000"
"1934-08-21","35500000"
"1934-09-01","112000000"
"1934-09-11","130000000"
"1934-09-21","104000000"
"1934-10-01","128000000"
"1934-10-11","135000000"
"1934-10-21","121000000"
"1934-11-01","110000000"
"1934-11-11","107000000"
"1934-11-21","101000000"
"1934-12-01","97500000"
"1934-12-11","97099998.47"
"1934-12-21","94900001.53"
"1935-01-01","94300003.05"
"1935-01-11","96400001.53"
"1935-01-21","89900001.53"
"1935-02-01","79599998.47"
"1935-02-11","65500000"
"1935-02-21","57500000"
"1935-03-01","54500000"
"1935-03-11","50500000"
"1935-03-21","47900001.53"
"1935-04-01","46099998.47"
"1935-04-11","46500000"
"1935-04-21","46099998.47"
"1935-05-01","47299999.24"
"1935-05-11","47200000.76"
"1935-05-21","52000000"
"1935-06-01","55500000"
"1935-06-11","56000000"
"1935-06-21","58099998.47"
"1935-07-01","54500000"
"1935-07-11","30100000.38"
"1935-07-21","23000000"
"1935-08-01","22600000.38"
"1935-08-11","-7099999.905"
"1935-08-21","24799999.24"
"1935-09-01","58400001.53"
"1935-09-11","65099998.47"
"1935-09-21","99900001.53"
"1935-10-01","123000000"
"1935-10-11","149000000"
"1935-10-21","131000000"
"1935-11-01","110000000"
"1935-11-11","100000000"
"1935-11-21","89000000"
"1935-12-01","90900001.53"
"1935-12-11","91199996.95"
"1935-12-21","85400001.53"
"1936-01-01","84199996.95"
"1936-01-11","79699996.95"
"1936-01-21","67199996.95"
"1936-02-01","61900001.53"
"1936-02-11","56099998.47"
"1936-02-21","53799999.24"
"1936-03-01","53500000"
"1936-03-11","50500000"
"1936-03-21","45700000.76"
"1936-04-01","41500000"
"1936-04-11","40799999.24"
"1936-04-21","42500000"
"1936-05-01","43200000.76"
"1936-05-11","43200000.76"
"1936-05-21","45799999.24"
"1936-06-01","49599998.47"
"1936-06-11","54200000.76"
"1936-06-21","53900001.53"
"1936-07-01","47200000.76"
"1936-07-11","26100000.38"
"1936-07-21","29299999.24"
"1936-08-01","34900001.53"
"1936-08-11","46500000"
"1936-08-21","71699996.95"
"1936-09-01","87099998.47"
"1936-09-11","87599998.47"
"1936-09-21","119000000"
"1936-10-01","118000000"
"1936-10-11","118000000"
"1936-10-21","111000000"
"1936-11-01","98300003.05"
"1936-11-11","92099998.47"
"1936-11-21","89000000"
"1936-12-01","84300003.05"
"1936-12-11","85699996.95"
"1936-12-21","82900001.53"
"1937-01-01","72900001.53"
"1937-01-11","61700000.76"
"1937-01-21","56200000.76"
"1937-02-01","48900001.53"
"1937-02-11","44900001.53"
"1937-02-21","43000000"
"1937-03-01","40799999.24"
"1937-03-11","43200000.76"
"1937-03-21","42200000.76"
"1937-04-01","38099998.47"
"1937-04-11","40599998.47"
"1937-04-21","38799999.24"
"1937-05-01","39700000.76"
"1937-05-11","40799999.24"
"1937-05-21","43799999.24"
"1937-06-01","46700000.76"
"1937-06-11","53900001.53"
"1937-06-21","57500000"
"1937-07-01","59299999.24"
"1937-07-11","39400001.53"
"1937-07-21","33400001.53"
"1937-08-01","32000000"
"1937-08-11","52000000"
"1937-08-21","39900001.53"
"1937-09-01","70500000"
"1937-09-11","101000000"
"1937-09-21","109000000"
"1937-10-01","138000000"
"1937-10-11","97300003.05"
"1937-10-21","87599998.47"
"1937-11-01","85199996.95"
"1937-11-11","85199996.95"
"1937-11-21","85400001.53"
"1937-12-01","85400001.53"
"1937-12-11","88099998.47"
"1937-12-21","86300003.05"
"1938-01-01","78300003.05"
"1938-01-11","68599998.47"
"1938-01-21","64400001.53"
"1938-02-01","56000000"
"1938-02-11","65800003.05"
"1938-02-21","61900001.53"
"1938-03-01","61200000.76"
"1938-03-11","52299999.24"
"1938-03-21","43700000.76"
"1938-04-01","44400001.53"
"1938-04-11","43299999.24"
"1938-04-21","43799999.24"
"1938-05-01","40299999.24"
"1938-05-11","44599998.47"
"1938-05-21","44200000.76"
"1938-06-01","45099998.47"
"1938-06-11","45299999.24"
"1938-06-21","46099998.47"
"1938-07-01","41000000"
"1938-07-11","28700000.76"
"1938-07-21","33000000"
"1938-08-01","72400001.53"
"1938-08-11","29500000"
"1938-08-21","50700000.76"
"1938-09-01","80400001.53"
"1938-09-11","94699996.95"
"1938-09-21","136000000"
"1938-10-01","117000000"
"1938-10-11","136000000"
"1938-10-21","106000000"
"1938-11-01","106000000"
"1938-11-11","93300003.05"
"1938-11-21","100000000"
"1938-12-01","99400001.53"
"1938-12-11","96599998.47"
"1938-12-21","92500000"
"1939-01-01","91400001.53"
"1939-01-11","90199996.95"
"1939-01-21","90800003.05"
"1939-02-01","92400001.53"
"1939-02-11","86500000"
"1939-02-21","60000000"
"1939-03-01","51299999.24"
"1939-03-11","50599998.47"
"1939-03-21","62700000.76"
"1939-04-01","67400001.53"
"1939-04-11","66000000"
"1939-04-21","68099998.47"
"1939-05-01","64300003.05"
"1939-05-11","56299999.24"
"1939-05-21","51299999.24"
"1939-06-01","55099998.47"
"1939-06-11","60000000"
"1939-06-21","60299999.24"
"1939-07-01","35400001.53"
"1939-07-11","16700000.76"
"1939-07-21","16399999.62"
"1939-08-01","23500000"
"1939-08-11","34700000.76"
"1939-08-21","58799999.24"
"1939-09-01","80900001.53"
"1939-09-11","110000000"
"1939-09-21","95400001.53"
"1939-10-01","105000000"
"1939-10-11","92599998.47"
"1939-10-21","73099998.47"
"1939-11-01","93000000"
"1939-11-11","85099998.47"
"1939-11-21","81000000"
"1939-12-01","79500000"
"1939-12-11","78599998.47"
"1939-12-21","74000000"
"1940-01-01","69000000"
"1940-01-11","54400001.53"
"1940-01-21","44799999.24"
"1940-02-01","55599998.47"
"1940-02-11","67099998.47"
"1940-02-21","63000000"
"1940-03-01","64599998.47"
"1940-03-11","64099998.47"
"1940-03-21","57799999.24"
"1940-04-01","44900001.53"
"1940-04-11","38700000.76"
"1940-04-21","37299999.24"
"1940-05-01","38700000.76"
"1940-05-11","38700000.76"
"1940-05-21","41599998.47"
"1940-06-01","41599998.47"
"1940-06-11","46799999.24"
"1940-06-21","51099998.47"
"1940-07-01","57700000.76"
"1940-07-11","54500000"
"1940-07-21","12899999.62"
"1940-08-01","-10199999.81"
"1940-08-11","-14899999.62"
"1940-08-21","39599998.47"
"1940-09-01","6800000.191"
"1940-09-11","61599998.47"
"1940-09-21","108000000"
"1940-10-01","130000000"
"1940-10-11","71599998.47"
"1940-10-21","73400001.53"
"1940-11-01","71500000"
"1940-11-11","67400001.53"
"1940-11-21","67900001.53"
"1940-12-01","66800003.05"
"1940-12-11","67000000"
"1940-12-21","51400001.53"
"1941-01-01","46700000.76"
"1941-01-11","43200000.76"
"1941-01-21","56000000"
"1941-02-01","67900001.53"
"1941-02-11","65199996.95"
"1941-02-21","62799999.24"
"1941-03-01","62000000"
"1941-03-11","61299999.24"
"1941-03-21","59700000.76"
"1941-04-01","45700000.76"
"1941-04-11","36500000"
"1941-04-21","34599998.47"
"1941-05-01","35099998.47"
"1941-05-11","38700000.76"
"1941-05-21","34599998.47"
"1941-06-01","44099998.47"
"1941-06-11","48400001.53"
"1941-06-21","54400001.53"
"1941-07-01","59400001.53"
"1941-07-11","16500000"
"1941-07-21","-17500000"
"1941-08-01","2299999.952"
"1941-08-11","56200000.76"
"1941-08-21","57099998.47"
"1941-09-01","57500000"
"1941-09-11","43799999.24"
"1941-09-21","69300003.05"
"1941-10-01","86599998.47"
"1941-10-11","123000000"
"1941-10-21","91900001.53"
"1941-11-01","88500000"
"1941-11-11","87800003.05"
"1941-11-21","81599998.47"
"1941-12-01","72400001.53"
"1941-12-11","71199996.95"
"1941-12-21","69699996.95"
"1942-01-01","69599998.47"
"1942-01-11","71400001.53"
"1942-01-21","68800003.05"
"1942-02-01","56299999.24"
"1942-02-11","66800003.05"
"1942-02-21","78300003.05"
"1942-03-01","75199996.95"
"1942-03-11","74000000"
"1942-03-21","61500000"
"1942-04-01","63200000.76"
"1942-04-11","71900001.53"
"1942-04-21","60700000.76"
"1942-05-01","41799999.24"
"1942-05-11","38700000.76"
"1942-05-21","40099998.47"
"1942-06-01","46799999.24"
"1942-06-11","54599998.47"
"1942-06-21","56700000.76"
"1942-07-01","57500000"
"1942-07-11","8100000.381"
"1942-07-21","17200000.76"
"1942-08-01","40400001.53"
"1942-08-11","66699996.95"
"1942-08-21","80099998.47"
"1942-09-01","49400001.53"
"1942-09-11","37299999.24"
"1942-09-21","76900001.53"
"1942-10-01","88099998.47"
"1942-10-11","96199996.95"
"1942-10-21","79000000"
"1942-11-01","77400001.53"
"1942-11-11","78000000"
"1942-11-21","82400001.53"
"1942-12-01","84199996.95"
"1942-12-11","85400001.53"
"1942-12-21","85900001.53"
"1943-01-01","77900001.53"
"1943-01-11","52400001.53"
"1943-01-21","41000000"
"1943-02-01","57799999.24"
"1943-02-11","76199996.95"
"1943-02-21","76000000"
"1943-03-01","74900001.53"
"1943-03-11","73500000"
"1943-03-21","72500000"
"1943-04-01","69900001.53"
"1943-04-11","65300003.05"
"1943-04-21","48000000"
"1943-05-01","42900001.53"
"1943-05-11","42299999.24"
"1943-05-21","39900001.53"
"1943-06-01","43200000.76"
"1943-06-11","49900001.53"
"1943-06-21","49599998.47"
"1943-07-01","51799999.24"
"1943-07-11","48000000"
"1943-07-21","3000000"
"1943-08-01","-21200000.76"
"1943-08-11","37299999.24"
"1943-08-21","59500000"
"1943-09-01","52700000.76"
"1943-09-11","59599998.47"
"1943-09-21","75699996.95"
"1943-10-01","74900001.53"
"1943-10-11","72699996.95"
"1943-10-21","75300003.05"
"1943-11-01","73000000"
"1943-11-11","71400001.53"
"1943-11-21","70300003.05"
"1943-12-01","71000000"
"1943-12-11","71400001.53"
"1943-12-21","71400001.53"
"1944-01-01","64500000"
"1944-01-11","48000000"
"1944-01-21","35299999.24"
"1944-02-01","67199996.95"
"1944-02-11","82300003.05"
"1944-02-21","80500000"
"1944-03-01","79300003.05"
"1944-03-11","79300003.05"
"1944-03-21","77900001.53"
"1944-04-01","76400001.53"
"1944-04-11","71699996.95"
"1944-04-21","60299999.24"
"1944-05-01","43500000"
"1944-05-11","43000000"
"1944-05-21","45200000.76"
"1944-06-01","52500000"
"1944-06-11","54099998.47"
"1944-06-21","58099998.47"
"1944-07-01","70199996.95"
"1944-07-11","63900001.53"
"1944-07-21","47299999.24"
"1944-08-01","33700000.76"
"1944-08-11","45700000.76"
"1944-08-21","67000000"
"1944-09-01","48000000"
"1944-09-11","32000000"
"1944-09-21","68599998.47"
"1944-10-01","81900001.53"
"1944-10-11","76199996.95"
"1944-10-21","81300003.05"
"1944-11-01","76900001.53"
"1944-11-11","77400001.53"
"1944-11-21","76199996.95"
"1944-12-01","71699996.95"
"1944-12-11","60799999.24"
"1944-12-21","53500000"
"1945-01-01","53400001.53"
"1945-01-11","53000000"
"1945-01-21","46200000.76"
"1945-02-01","68900001.53"
"1945-02-11","80400001.53"
"1945-02-21","79699996.95"
"1945-03-01","77599998.47"
"1945-03-11","75400001.53"
"1945-03-21","74000000"
"1945-04-01","70800003.05"
"1945-04-11","68599998.47"
"1945-04-21","48700000.76"
"1945-05-01","41099998.47"
"1945-05-11","37799999.24"
"1945-05-21","34000000"
"1945-06-01","45099998.47"
"1945-06-11","47000000"
"1945-06-21","53000000"
"1945-07-01","54500000"
"1945-07-11","51500000"
"1945-07-21","57500000"
"1945-08-01","53400001.53"
"1945-08-11","49200000.76"
"1945-08-21","51000000"
"1945-09-01","54299999.24"
"1945-09-11","55799999.24"
"1945-09-21","62000000"
"1945-10-01","80199996.95"
"1945-10-11","91599998.47"
"1945-10-21","95599998.47"
"1945-11-01","88000000"
"1945-11-11","88500000"
"1945-11-21","85500000"
"1945-12-01","86900001.53"
"1945-12-11","88000000"
"1945-12-21","86699996.95"
"1946-01-01","85699996.95"
"1946-01-11","78699996.95"
"1946-01-21","63799999.24"
"1946-02-01","60400001.53"
"1946-02-11","49200000.76"
"1946-02-21","72199996.95"
"1946-03-01","82199996.95"
"1946-03-11","79500000"
"1946-03-21","75599998.47"
"1946-04-01","69400001.53"
"1946-04-11","68900001.53"
"1946-04-21","67199996.95"
"1946-05-01","62599998.47"
"1946-05-11","42599998.47"
"1946-05-21","39700000.76"
"1946-06-01","39599998.47"
"1946-06-11","43900001.53"
"1946-06-21","51799999.24"
"1946-07-01","38200000.76"
"1946-07-11","34000000"
"1946-07-21","42200000.76"
"1946-08-01","50500000"
"1946-08-11","58200000.76"
"1946-08-21","66400001.53"
"1946-09-01","74599998.47"
"1946-09-11","62900001.53"
"1946-09-21","93000000"
"1946-10-01","105000000"
"1946-10-11","104000000"
"1946-10-21","114000000"
"1946-11-01","116000000"
"1946-11-11","111000000"
"1946-11-21","115000000"
"1946-12-01","110000000"
"1946-12-11","112000000"
"1946-12-21","105000000"
"1947-01-01","99800003.05"
"1947-01-11","99699996.95"
"1947-01-21","99900001.53"
"1947-02-01","95699996.95"
"1947-02-11","91199996.95"
"1947-02-21","89300003.05"
"1947-03-01","93000000"
"1947-03-11","81099998.47"
"1947-03-21","75300003.05"
"1947-04-01","78500000"
"1947-04-11","74400001.53"
"1947-04-21","74400001.53"
"1947-05-01","75900001.53"
"1947-05-11","84800003.05"
"1947-05-21","94300003.05"
"1947-06-01","99500000"
"1947-06-11","68800003.05"
"1947-06-21","64800003.05"
"1947-07-01","61000000"
"1947-07-11","32099998.47"
"1947-07-21","-"
"1947-08-01","-"
"1947-08-11","52400001.53"
"1947-08-21","80699996.95"
"1947-09-01","80099998.47"
"1947-09-11","23200000.76"
"1947-09-21","61900001.53"
"1947-10-01","90000000"
"1947-10-11","99500000"
"1947-10-21","85000000"
"1947-11-01","89199996.95"
"1947-11-11","90400001.53"
"1947-11-21","83800003.05"
"1947-12-01","82300003.05"
"1947-12-11","87599998.47"
"1947-12-21","81400001.53"
"1948-01-01","82300003.05"
"1948-01-11","88300003.05"
"1948-01-21","86699996.95"
"1948-02-01","81000000"
"1948-02-11","63299999.24"
"1948-02-21","72500000"
"1948-03-01","75300003.05"
"1948-03-11","76900001.53"
"1948-03-21","77800003.05"
"1948-04-01","76699996.95"
"1948-04-11","80000000"
"1948-04-21","74500000"
"1948-05-01","74599998.47"
"1948-05-11","51799999.24"
"1948-05-21","46799999.24"
"1948-06-01","45299999.24"
"1948-06-11","46200000.76"
"1948-06-21","57200000.76"
"1948-07-01","29700000.76"
"1948-07-11","-"
"1948-07-21","26700000.76"
"1948-08-01","41500000"
"1948-08-11","57200000.76"
"1948-08-21","81300003.05"
"1948-09-01","45200000.76"
"1948-09-11","40700000.76"
"1948-09-21","49400001.53"
"1948-10-01","81599998.47"
"1948-10-11","87599998.47"
"1948-10-21","105000000"
"1948-11-01","98000000"
"1948-11-11","93699996.95"
"1948-11-21","86900001.53"
"1948-12-01","81400001.53"
"1948-12-11","82400001.53"
"1948-12-21","81599998.47"
"1949-01-01","80400001.53"
"1949-01-11","80199996.95"
"1949-01-21","79599998.47"
"1949-02-01","75900001.53"
"1949-02-11","62599998.47"
"1949-02-21","56400001.53"
"1949-03-01","72900001.53"
"1949-03-11","80400001.53"
"1949-03-21","81599998.47"
"1949-04-01","79800003.05"
"1949-04-11","78599998.47"
"1949-04-21","79300003.05"
"1949-05-01","79500000"
"1949-05-11","80400001.53"
"1949-05-21","54599998.47"
"1949-06-01","50299999.24"
"1949-06-11","47700000.76"
"1949-06-21","42000000"
"1949-07-01","54799999.24"
"1949-07-11","49099998.47"
"1949-07-21","5699999.809"
"1949-08-01","-"
"1949-08-11","14199999.81"
"1949-08-21","81400001.53"
"1949-09-01","49099998.47"
"1949-09-11","44500000"
"1949-09-21","59599998.47"
"1949-10-01","90500000"
"1949-10-11","95900001.53"
"1949-10-21","103000000"
"1949-11-01","100000000"
"1949-11-11","96400001.53"
"1949-11-21","90199996.95"
"1949-12-01","84199996.95"
"1949-12-11","85900001.53"
"1949-12-21","82500000"
"1950-01-01","83800003.05"
"1950-01-11","86500000"
"1950-01-21","87500000"
"1950-02-01","81800003.05"
"1950-02-11","73000000"
"1950-02-21","63500000"
"1950-03-01","80400001.53"
"1950-03-11","80199996.95"
"1950-03-21","78500000"
"1950-04-01","80599998.47"
"1950-04-11","76900001.53"
"1950-04-21","80199996.95"
"1950-05-01","81800003.05"
"1950-05-11","74099998.47"
"1950-05-21","60599998.47"
"1950-06-01","55099998.47"
"1950-06-11","52200000.76"
"1950-06-21","55000000"
"1950-07-01","59099998.47"
"1950-07-11","46900001.53"
"1950-07-21","-"
"1950-08-01","-"
"1950-08-11","53500000"
"1950-08-21","79000000"
"1950-09-01","47099998.47"
"1950-09-11","45500000"
"1950-09-21","73000000"
"1950-10-01","95599998.47"
"1950-10-11","85199996.95"
"1950-10-21","95699996.95"
"1950-11-01","92400001.53"
"1950-11-11","93400001.53"
"1950-11-21","90900001.53"
"1950-12-01","89900001.53"
"1950-12-11","88800003.05"
"1950-12-21","85400001.53"
"1951-01-01","83500000"
"1951-01-11","78199996.95"
"1951-01-21","60700000.76"
"1951-02-01","53599998.47"
"1951-02-11","51299999.24"
"1951-02-21","68500000"
"1951-03-01","77699996.95"
"1951-03-11","74900001.53"
"1951-03-21","75599998.47"
"1951-04-01","79300003.05"
"1951-04-11","76699996.95"
"1951-04-21","78800003.05"
"1951-05-01","56799999.24"
"1951-05-11","39200000.76"
"1951-05-21","34500000"
"1951-06-01","40400001.53"
"1951-06-11","42299999.24"
"1951-06-21","46000000"
"1951-07-01","51099998.47"
"1951-07-11","53500000"
"1951-07-21","7400000.095"
"1951-08-01","-"
"1951-08-11","-"
"1951-08-21","46700000.76"
"1951-09-01","40299999.24"
"1951-09-11","32099998.47"
"1951-09-21","51900001.53"
"1951-10-01","71800003.05"
"1951-10-11","81400001.53"
"1951-10-21","68599998.47"
"1951-11-01","68099998.47"
"1951-11-11","66800003.05"
"1951-11-21","68199996.95"
"1951-12-01","71500000"
"1951-12-11","65099998.47"
"1951-12-21","63500000"
"1952-01-01","58299999.24"
"1952-01-11","55700000.76"
"1952-01-21","49900001.53"
"1952-02-01","76900001.53"
"1952-02-11","77199996.95"
"1952-02-21","75500000"
"1952-03-01","78500000"
"1952-03-11","73400001.53"
"1952-03-21","67400001.53"
"1952-04-01","70199996.95"
"1952-04-11","65199996.95"
"1952-04-21","45099998.47"
"1952-05-01","40099998.47"
"1952-05-11","42400001.53"
"1952-05-21","42400001.53"
"1952-06-01","47299999.24"
"1952-06-11","48099998.47"
"1952-06-21","48900001.53"
"1952-07-01","49900001.53"
"1952-07-11","41299999.24"
"1952-07-21","4900000.095"
"1952-08-01","-"
"1952-08-11","-"
"1952-08-21","66699996.95"
"1952-09-01","62700000.76"
"1952-09-11","41599998.47"
"1952-09-21","40500000"
"1952-10-01","66099998.47"
"1952-10-11","68400001.53"
"1952-10-21","65900001.53"
"1952-11-01","66400001.53"
"1952-11-11","68900001.53"
"1952-11-21","71400001.53"
"1952-12-01","71099998.47"
"1952-12-11","68699996.95"
"1952-12-21","67300003.05"
"1953-01-01","59799999.24"
"1953-01-11","53000000"
"1953-01-21","59200000.76"
"1953-02-01","61200000.76"
"1953-02-11","64000000"
"1953-02-21","69099998.47"
"1953-03-01","74199996.95"
"1953-03-11","79699996.95"
"1953-03-21","78599998.47"
"1953-04-01","75300003.05"
"1953-04-11","62299999.24"
"1953-04-21","44500000"
"1953-05-01","41099998.47"
"1953-05-11","37299999.24"
"1953-05-21","43299999.24"
"1953-06-01","47200000.76"
"1953-06-11","49299999.24"
"1953-06-21","53299999.24"
"1953-07-01","57299999.24"
"1953-07-11","52000000"
"1953-07-21","-"
"1953-08-01","-"
"1953-08-11","2099999.905"
"1953-08-21","67900001.53"
"1953-09-01","44799999.24"
"1953-09-11","53200000.76"
"1953-09-21","62200000.76"
"1953-10-01","72599998.47"
"1953-10-11","75599998.47"
"1953-10-21","74400001.53"
"1953-11-01","78199996.95"
"1953-11-11","77300003.05"
"1953-11-21","78300003.05"
"1953-12-01","78400001.53"
"1953-12-11","79000000"
"1953-12-21","63400001.53"
"1954-01-01","48799999.24"
"1954-01-11","43400001.53"
"1954-01-21","44299999.24"
"1954-02-01","50099998.47"
"1954-02-11","79800003.05"
"1954-02-21","77800003.05"
"1954-03-01","75900001.53"
"1954-03-11","75599998.47"
"1954-03-21","76000000"
"1954-04-01","74900001.53"
"1954-04-11","74199996.95"
"1954-04-21","56200000.76"
"1954-05-01","38400001.53"
"1954-05-11","37700000.76"
"1954-05-21","40099998.47"
"1954-06-01","45700000.76"
"1954-06-11","44700000.76"
"1954-06-21","51599998.47"
"1954-07-01","51700000.76"
"1954-07-11","13300000.19"
"1954-07-21","-"
"1954-08-01","-"
"1954-08-11","55500000"
"1954-08-21","89199996.95"
"1954-09-01","67800003.05"
"1954-09-11","45200000.76"
"1954-09-21","54500000"
"1954-10-01","63799999.24"
"1954-10-11","73199996.95"
"1954-10-21","82900001.53"
"1954-11-01","92199996.95"
"1954-11-11","93400001.53"
"1954-11-21","92400001.53"
"1954-12-01","91500000"
"1954-12-11","90099998.47"
"1954-12-21","86800003.05"
"1955-01-01","84400001.53"
"1955-01-11","79699996.95"
"1955-01-21","72900001.53"
"1955-02-01","65000000"
"1955-02-11","55000000"
"1955-02-21","53700000.76"
"1955-03-01","55700000.76"
"1955-03-11","73400001.53"
"1955-03-21","79400001.53"
"1955-04-01","77000000"
"1955-04-11","75900001.53"
"1955-04-21","80000000"
"1955-05-01","78099998.47"
"1955-05-11","70400001.53"
"1955-05-21","62500000"
"1955-06-01","51900001.53"
"1955-06-11","55000000"
"1955-06-21","55599998.47"
"1955-07-01","59799999.24"
"1955-07-11","30299999.24"
"1955-07-21","-"
"1955-08-01","-"
"1955-08-11","48200000.76"
"1955-08-21","76599998.47"
"1955-09-01","70199996.95"
"1955-09-11","-"
"1955-09-21","37200000.76"
"1955-10-01","81599998.47"
"1955-10-11","76000000"
"1955-10-21","70000000"
"1955-11-01","80400001.53"
"1955-11-11","76500000"
"1955-11-21","76699996.95"
"1955-12-01","76300003.05"
"1955-12-11","76000000"
"1955-12-21","76500000"
"1956-01-01","77400001.53"
"1956-01-11","80400001.53"
"1956-01-21","76599998.47"
"1956-02-01","69599998.47"
"1956-02-11","63799999.24"
"1956-02-21","63299999.24"
"1956-03-01","74000000"
"1956-03-11","77800003.05"
"1956-03-21","80099998.47"
"1956-04-01","81000000"
"1956-04-11","80300003.05"
"1956-04-21","80000000"
"1956-05-01","79500000"
"1956-05-11","78800003.05"
"1956-05-21","80699996.95"
"1956-06-01","82400001.53"
"1956-06-11","64599998.47"
"1956-06-21","62000000"
"1956-07-01","38799999.24"
"1956-07-11","-"
"1956-07-21","-"
"1956-08-01","77699996.95"
"1956-08-11","94900001.53"
"1956-08-21","94900001.53"
"1956-09-01","73400001.53"
"1956-09-11","19799999.24"
"1956-09-21","56000000"
"1956-10-01","62799999.24"
"1956-10-11","84300003.05"
"1956-10-21","87400001.53"
"1956-11-01","88000000"
"1956-11-11","89500000"
"1956-11-21","87500000"
"1956-12-01","87199996.95"
"1956-12-11","85199996.95"
"1956-12-21","81099998.47"
"1957-01-01","82500000"
"1957-01-11","85800003.05"
"1957-01-21","89699996.95"
"1957-02-01","90000000"
"1957-02-11","78699996.95"
"1957-02-21","59099998.47"
"1957-03-01","66300003.05"
"1957-03-11","75300003.05"
"1957-03-21","60099998.47"
"1957-04-01","58400001.53"
"1957-04-11","62000000"
"1957-04-21","67800003.05"
"1957-05-01","87400001.53"
"1957-05-11","91900001.53"
"1957-05-21","87300003.05"
"1957-06-01","94500000"
"1957-06-11","92400001.53"
"1957-06-21","74400001.53"
"1957-07-01","61599998.47"
"1957-07-11","63400001.53"
"1957-07-21","7599999.905"
"1957-08-01","-"
"1957-08-11","52000000"
"1957-08-21","81699996.95"
"1957-09-01","37900001.53"
"1957-09-11","52400001.53"
"1957-09-21","57200000.76"
"1957-10-01","46299999.24"
"1957-10-11","73800003.05"
"1957-10-21","67699996.95"
"1957-11-01","70800003.05"
"1957-11-11","72099998.47"
"1957-11-21","73000000"
"1957-12-01","71300003.05"
"1957-12-11","68599998.47"
"1957-12-21","61400001.53"
"1958-01-01","60099998.47"
"1958-01-11","56599998.47"
"1958-01-21","56700000.76"
"1958-02-01","58599998.47"
"1958-02-11","66199996.95"
"1958-02-21","65300003.05"
"1958-03-01","65199996.95"
"1958-03-11","66199996.95"
"1958-03-21","84800003.05"
"1958-04-01","85800003.05"
"1958-04-11","84199996.95"
"1958-04-21","61799999.24"
"1958-05-01","40299999.24"
"1958-05-11","40400001.53"
"1958-05-21","44599998.47"
"1958-06-01","44200000.76"
"1958-06-11","42500000"
"1958-06-21","50200000.76"
"1958-07-01","58900001.53"
"1958-07-11","41000000"
"1958-07-21","-"
"1958-08-01","-"
"1958-08-11","52500000"
"1958-08-21","77300003.05"
"1958-09-01","72099998.47"
"1958-09-11","-"
"1958-09-21","43799999.24"
"1958-10-01","76599998.47"
"1958-10-11","72199996.95"
"1958-10-21","70000000"
"1958-11-01","72000000"
"1958-11-11","78199996.95"
"1958-11-21","79800003.05"
"1958-12-01","77599998.47"
"1958-12-11","73500000"
"1958-12-21","72400001.53"
"1959-01-01","71900001.53"
"1959-01-11","73300003.05"
"1959-01-21","68400001.53"
"1959-02-01","56799999.24"
"1959-02-11","55400001.53"
"1959-02-21","57000000"
"1959-03-01","66099998.47"
"1959-03-11","79000000"
"1959-03-21","78699996.95"
"1959-04-01","78599998.47"
"1959-04-11","78300003.05"
"1959-04-21","76900001.53"
"1959-05-01","68699996.95"
"1959-05-11","47799999.24"
"1959-05-21","44700000.76"
"1959-06-01","46900001.53"
"1959-06-11","53900001.53"
"1959-06-21","56099998.47"
"1959-07-01","56099998.47"
"1959-07-11","43000000"
"1959-07-21","5800000.191"
"1959-08-01","-"
"1959-08-11","1500000"
"1959-08-21","70199996.95"
"1959-09-01","85500000"
"1959-09-11","86500000"
"1959-09-21","15600000.38"
"1959-10-01","11500000"
"1959-10-11","78500000"
"1959-10-21","75900001.53"
"1959-11-01","68900001.53"
"1959-11-11","64900001.53"
"1959-11-21","55799999.24"
"1959-12-01","63799999.24"
"1959-12-11","71500000"
"1959-12-21","66800003.05"
"1960-01-01","64800003.05"
"1960-01-11","63799999.24"
"1960-01-21","62799999.24"
"1960-02-01","56099998.47"
"1960-02-11","57200000.76"
"1960-02-21","56799999.24"
"1960-03-01","65699996.95"
"1960-03-11","80699996.95"
"1960-03-21","80000000"
"1960-04-01","83099998.47"
"1960-04-11","83300003.05"
"1960-04-21","83199996.95"
"1960-05-01","80199996.95"
"1960-05-11","61599998.47"
"1960-05-21","47400001.53"
"1960-06-01","56400001.53"
"1960-06-11","56200000.76"
"1960-06-21","54599998.47"
"1960-07-01","54900001.53"
"1960-07-11","43200000.76"
"1960-07-21","-"
"1960-08-01","-"
"1960-08-11","6000000"
"1960-08-21","73400001.53"
"1960-09-01","14899999.62"
"1960-09-11","-"
"1960-09-21","47700000.76"
"1960-10-01","74099998.47"
"1960-10-11","71599998.47"
"1960-10-21","70199996.95"
"1960-11-01","69099998.47"
"1960-11-11","68199996.95"
"1960-11-21","65699996.95"
"1960-12-01","65699996.95"
"1960-12-11","69629997.25"
"1960-12-21","70500000"
"1961-01-01","67199996.95"
"1961-01-11","56700000.76"
"1961-01-21","55299999.24"
"1961-02-01","56500000"
"1961-02-11","56400001.53"
"1961-02-21","72900001.53"
"1961-03-01","80500000"
"1961-03-11","83199996.95"
"1961-03-21","91099998.47"
"1961-04-01","89300003.05"
"1961-04-11","88800003.05"
"1961-04-21","63200000.76"
"1961-05-01","48700000.76"
"1961-05-11","48400001.53"
"1961-05-21","46400001.53"
"1961-06-01","44099998.47"
"1961-06-11","47000000"
"1961-06-21","45299999.24"
"1961-07-01","48799999.24"
"1961-07-11","12899999.62"
"1961-07-21","-"
"1961-08-01","1500000"
"1961-08-11","69699996.95"
"1961-08-21","90000000"
"1961-09-01","90000000"
"1961-09-11","64800003.05"
"1961-09-21","41000000"
"1961-10-01","48000000"
"1961-10-11","74300003.05"
"1961-10-21","88300003.05"
"1961-11-01","94900001.53"
"1961-11-11","86099998.47"
"1961-11-21","84300003.05"
"1961-12-01","87400001.53"
"1961-12-11","76000000"
"1961-12-21","80599998.47"
"1962-01-01","93400001.53"
"1962-01-11","90300003.05"
"1962-01-21","84800003.05"
"1962-02-01","81800003.05"
"1962-02-11","80900001.53"
"1962-02-21","80199996.95"
"1962-03-01","76599998.47"
"1962-03-11","84199996.95"
"1962-03-21","97199996.95"
"1962-04-01","99900001.53"
"1962-04-11","100000000"
"1962-04-21","96900001.53"
"1962-05-01","101000000"
"1962-05-11","99199996.95"
"1962-05-21","99400001.53"
"1962-06-01","99599998.47"
"1962-06-11","104000000"
"1962-06-21","90900001.53"
"1962-07-01","79199996.95"
"1962-07-11","65500000"
"1962-07-21","21200000.76"
"1962-08-01","10000000"
"1962-08-11","57700000.76"
"1962-08-21","90199996.95"
"1962-09-01","50099998.47"
"1962-09-11","43500000"
"1962-09-21","53599998.47"
"1962-10-01","65500000"
"1962-10-11","73699996.95"
"1962-10-21","83000000"
"1962-11-01","85599998.47"
"1962-11-11","88800003.05"
"1962-11-21","91000000"
"1962-12-01","89400001.53"
"1962-12-11","96900001.53"
"1962-12-21","92699996.95"
"1963-01-01","92000000"
"1963-01-11","93500000"
"1963-01-21","94099998.47"
"1963-02-01","98000000"
"1963-02-11","97800003.05"
"1963-02-21","92000000"
"1963-03-01","83599998.47"
"1963-03-11","72099998.47"
"1963-03-21","97199996.95"
"1963-04-01","99599998.47"
"1963-04-11","98599998.47"
"1963-04-21","97599998.47"
"1963-05-01","98900001.53"
"1963-05-11","102000000"
"1963-05-21","92199996.95"
"1963-06-01","79000000"
"1963-06-11","89000000"
"1963-06-21","93000000"
"1963-07-01","114000000"
"1963-07-11","118000000"
"1963-07-21","28600000.38"
"1963-08-01","-"
"1963-08-11","80000000"
"1963-08-21","100000000"
"1963-09-01","94000000"
"1963-09-11","96000000"
"1963-09-21","60200000.76"
"1963-10-01","101000000"
"1963-10-11","108000000"
"1963-10-21","103000000"
"1963-11-01","95300003.05"
"1963-11-11","92099998.47"
"1963-11-21","89599998.47"
"1963-12-01","105000000"
"1963-12-11","115000000"
"1963-12-21","128000000"
"1964-01-01","128000000"
"1964-01-11","128000000"
"1964-01-21","113000000"
"1964-02-01","111000000"
"1964-02-11","113000000"
"1964-02-21","105000000"
"1964-03-01","101000000"
"1964-03-11","97800003.05"
"1964-03-21","91699996.95"
"1964-04-01","105000000"
"1964-04-11","118000000"
"1964-04-21","120000000"
"1964-05-01","128000000"
"1964-05-11","136000000"
"1964-05-21","134000000"
"1964-06-01","135000000"
"1964-06-11","124000000"
"1964-06-21","97400001.53"
"1964-07-01","87500000"
"1964-07-11","42599998.47"
"1964-07-21","5500000"
"1964-08-01","9600000.381"
"1964-08-11","98000000"
"1964-08-21","116000000"
"1964-09-01","104000000"
"1964-09-11","90099998.47"
"1964-09-21","94800003.05"
"1964-10-01","101000000"
"1964-10-11","137000000"
"1964-10-21","126000000"
"1964-11-01","149000000"
"1964-11-11","155000000"
"1964-11-21","151000000"
"1964-12-01","130000000"
"1964-12-11","144000000"
"1964-12-21","160000000"
"1965-01-01","160000000"
"1965-01-11","160000000"
"1965-01-21","163000000"
"1965-02-01","161000000"
"1965-02-11","159000000"
"1965-02-21","154000000"
"1965-03-01","146000000"
"1965-03-11","133000000"
"1965-03-21","126000000"
"1965-04-01","127000000"
"1965-04-11","117000000"
"1965-04-21","139000000"
"1965-05-01","154000000"
"1965-05-11","162000000"
"1965-05-21","150000000"
"1965-06-01","138000000"
"1965-06-11","126000000"
"1965-06-21","116000000"
"1965-07-01","95500000"
"1965-07-11","92699996.95"
"1965-07-21","78000000"
"1965-08-01","10000000"
"1965-08-11","37500000"
"1965-08-21","70000000"
"1965-09-01","70000000"
"1965-09-11","71500000"
"1965-09-21","118000000"
"1965-10-01","120000000"
"1965-10-11","120000000"
"1965-10-21","123000000"
"1965-11-01","122000000"
"1965-11-11","106000000"
"1965-11-21","113000000"
"1965-12-01","115000000"
"1965-12-11","117000000"
"1965-12-21","113000000"
"1966-01-01","111000000"
"1966-01-11","110000000"
"1966-01-21","108000000"
"1966-02-01","107000000"
"1966-02-11","96599998.47"
"1966-02-21","86000000"
"1966-03-01","80199996.95"
"1966-03-11","76199996.95"
"1966-03-21","92599998.47"
"1966-04-01","124000000"
"1966-04-11","127000000"
"1966-04-21","123000000"
"1966-05-01","125000000"
"1966-05-11","118000000"
"1966-05-21","84800003.05"
"1966-06-01","76199996.95"
"1966-06-11","77400001.53"
"1966-06-21","74500000"
"1966-07-01","79599998.47"
"1966-07-11","86800003.05"
"1966-07-21","58799999.24"
"1966-08-01","-"
"1966-08-11","30500000"
"1966-08-21","87800003.05"
"1966-09-01","29200000.76"
"1966-09-11","81699996.95"
"1966-09-21","110000000"
"1966-10-01","110000000"
"1966-10-11","110000000"
"1966-10-21","110000000"
"1966-11-01","113000000"
"1966-11-11","113000000"
"1966-11-21","120000000"
"1966-12-01","120000000"
"1966-12-11","119000000"
"1966-12-21","119000000"
"1967-01-01","114000000"
"1967-01-11","112000000"
"1967-01-21","111000000"
"1967-02-01","105000000"
"1967-02-11","86500000"
"1967-02-21","76000000"
"1967-03-01","63400001.53"
"1967-03-11","57700000.76"
"1967-03-21","59000000"
"1967-04-01","111000000"
"1967-04-11","125000000"
"1967-04-21","108000000"
"1967-05-01","106000000"
"1967-05-11","104000000"
"1967-05-21","106000000"
"1967-06-01","98000000"
"1967-06-11","70699996.95"
"1967-06-21","63700000.76"
"1967-07-01","68800003.05"
"1967-07-11","61500000"
"1967-07-21","9800000.191"
"1967-08-01","-"
"1967-08-11","66000000"
"1967-08-21","102000000"
"1967-09-01","61000000"
"1967-09-11","50000000"
"1967-09-21","84000000"
"1967-10-01","90000000"
"1967-10-11","105000000"
"1967-10-21","109000000"
"1967-11-01","114000000"
"1967-11-11","115000000"
"1967-11-21","114000000"
"1967-12-01","116000000"
"1967-12-11","115000000"
"1967-12-21","114000000"
"1968-01-01","116000000"
"1968-01-11","118000000"
"1968-01-21","104000000"
"1968-02-01","105000000"
"1968-02-11","107000000"
"1968-02-21","90900001.53"
"1968-03-01","77900001.53"
"1968-03-11","69599998.47"
"1968-03-21","94199996.95"
"1968-04-01","106000000"
"1968-04-11","109000000"
"1968-04-21","109000000"
"1968-05-01","103000000"
"1968-05-11","108000000"
"1968-05-21","110000000"
"1968-06-01","95000000"
"1968-06-11","78500000"
"1968-06-21","69199996.95"
"1968-07-01","64400001.53"
"1968-07-11","36400001.53"
"1968-07-21","-"
"1968-08-01","15000000"
"1968-08-11","88000000"
"1968-08-21","34400001.53"
"1968-09-01","30000000"
"1968-09-11","86500000"
"1968-09-21","100000000"
"1968-10-01","96500000"
"1968-10-11","95300003.05"
"1968-10-21","98000000"
"1968-11-01","98000000"
"1968-11-11","93199996.95"
"1968-11-21","100000000"
"1968-12-01","101000000"
"1968-12-11","105000000"
"1968-12-21","101000000"
"1969-01-01","90099998.47"
"1969-01-11","73599998.47"
"1969-01-21","64199996.95"
"1969-02-01","60799999.24"
"1969-02-11","63799999.24"
"1969-02-21","67000000"
"1969-03-01","65699996.95"
"1969-03-11","61400001.53"
"1969-03-21","92199996.95"
"1969-04-01","124000000"
"1969-04-11","126000000"
"1969-04-21","130000000"
"1969-05-01","131000000"
"1969-05-11","108000000"
"1969-05-21","81099998.47"
"1969-06-01","66300003.05"
"1969-06-11","64599998.47"
"1969-06-21","66400001.53"
"1969-07-01","71099998.47"
"1969-07-11","54200000.76"
"1969-07-21","-"
"1969-08-01","8500000"
"1969-08-11","100000000"
"1969-08-21","55000000"
"1969-09-01","55000000"
"1969-09-11","67500000"
"1969-09-21","106000000"
"1969-10-01","95000000"
"1969-10-11","95000000"
"1969-10-21","100000000"
"1969-11-01","106000000"
"1969-11-11","100000000"
"1969-11-21","90800003.05"
"1969-12-01","92400001.53"
"1969-12-11","105000000"
"1969-12-21","97199996.95"
"1970-01-01","86800003.05"
"1970-01-11","86800003.05"
"1970-01-21","87400001.53"
"1970-02-01","71800003.05"
"1970-02-11","61700000.76"
"1970-02-21","60900001.53"
"1970-03-01","60799999.24"
"1970-03-11","60400001.53"
"1970-03-21","106000000"
"1970-04-01","127000000"
"1970-04-11","125000000"
"1970-04-21","120000000"
"1970-05-01","99000000"
"1970-05-11","93300003.05"
"1970-05-21","87300003.05"
"1970-06-01","63500000"
"1970-06-11","64500000"
"1970-06-21","64500000"
"1970-07-01","63400001.53"
"1970-07-11","59799999.24"
"1970-07-21","30000000"
"1970-08-01","-"
"1970-08-11","56500000"
"1970-08-21","88199996.95"
"1970-09-01","52000000"
"1970-09-11","30000000"
"1970-09-21","105000000"
"1970-10-01","103000000"
"1970-10-11","97000000"
"1970-10-21","90500000"
"1970-11-01","105000000"
"1970-11-11","107000000"
"1970-11-21","108000000"
"1970-12-01","108000000"
"1970-12-11","105000000"
"1970-12-21","101000000"
"1971-01-01","104000000"
"1971-01-11","108000000"
"1971-01-21","107000000"
"1971-02-01","102000000"
"1971-02-11","95099998.47"
"1971-02-21","73900001.53"
"1971-03-01","64599998.47"
"1971-03-11","59599998.47"
"1971-03-21","101000000"
"1971-04-01","124000000"
"1971-04-11","123000000"
"1971-04-21","122000000"
"1971-05-01","117000000"
"1971-05-11","103000000"
"1971-05-21","87300003.05"
"1971-06-01","70199996.95"
"1971-06-11","67800003.05"
"1971-06-21","65000000"
"1971-07-01","57500000"
"1971-07-11","55900001.53"
"1971-07-21","9100000.381"
"1971-08-01","-"
"1971-08-11","10000000"
"1971-08-21","91800003.05"
"1971-09-01","95000000"
"1971-09-11","55000000"
"1971-09-21","92000000"
"1971-10-01","100000000"
"1971-10-11","100000000"
"1971-10-21","100000000"
"1971-11-01","95500000"
"1971-11-11","95000000"
"1971-11-21","104000000"
"1971-12-01","108000000"
"1971-12-11","112000000"
"1971-12-21","107000000"
"1972-01-01","103000000"
"1972-01-11","99900001.53"
"1972-01-21","104000000"
"1972-02-01","94500000"
"1972-02-11","78699996.95"
"1972-02-21","63200000.76"
"1972-03-01","61000000"
"1972-03-11","69199996.95"
"1972-03-21","111000000"
"1972-04-01","122000000"
"1972-04-11","120000000"
"1972-04-21","120000000"
"1972-05-01","101000000"
"1972-05-11","90099998.47"
"1972-05-21","86699996.95"
"1972-06-01","70500000"
"1972-06-11","65800003.05"
"1972-06-21","70800003.05"
"1972-07-01","73800003.05"
"1972-07-11","55700000.76"
"1972-07-21","12399999.62"
"1972-08-01","-"
"1972-08-11","-"
"1972-08-21","71800003.05"
"1972-09-01","85000000"
"1972-09-11","75000000"
"1972-09-21","79500000"
"1972-10-01","92500000"
"1972-10-11","90000000"
"1972-10-21","90000000"
"1972-11-01","89000000"
"1972-11-11","85699996.95"
"1972-11-21","85300003.05"
"1972-12-01","75500000"
"1972-12-11","75099998.47"
"1972-12-21","72300003.05"
"1973-01-01","72199996.95"
"1973-01-11","64099998.47"
"1973-01-21","55099998.47"
"1973-02-01","53599998.47"
"1973-02-11","54799999.24"
"1973-02-21","53599998.47"
"1973-03-01","58200000.76"
"1973-03-11","53599998.47"
"1973-03-21","70500000"
"1973-04-01","96500000"
"1973-04-11","104000000"
"1973-04-21","106000000"
"1973-05-01","102000000"
"1973-05-11","97599998.47"
"1973-05-21","82699996.95"
"1973-06-01","65199996.95"
"1973-06-11","65599998.47"
"1973-06-21","68400001.53"
"1973-07-01","63900001.53"
"1973-07-11","68199996.95"
"1973-07-21","35200000.76"
"1973-08-01","-"
"1973-08-11","9000000"
"1973-08-21","65099998.47"
"1973-09-01","94000000"
"1973-09-11","90000000"
"1973-09-21","32000000"
"1973-10-01","110000000"
"1973-10-11","90000000"
"1973-10-21","90000000"
"1973-11-01","90000000"
"1973-11-11","87300003.05"
"1973-11-21","90099998.47"
"1973-12-01","88699996.95"
"1973-12-11","87900001.53"
"1973-12-21","87699996.95"
"1974-01-01","87000000"
"1974-01-11","88699996.95"
"1974-01-21","76099998.47"
"1974-02-01","65199996.95"
"1974-02-11","62000000"
"1974-02-21","61400001.53"
"1974-03-01","61400001.53"
"1974-03-11","62500000"
"1974-03-21","88300003.05"
"1974-04-01","112000000"
"1974-04-11","112000000"
"1974-04-21","108000000"
"1974-05-01","103000000"
"1974-05-11","103000000"
"1974-05-21","76800003.05"
"1974-06-01","65099998.47"
"1974-06-11","64500000"
"1974-06-21","71599998.47"
"1974-07-01","73400001.53"
"1974-07-11","58099998.47"
"1974-07-21","29100000.38"
"1974-08-01","-"
"1974-08-11","80000000"
"1974-08-21","36400001.53"
"1974-09-01","78000000"
"1974-09-11","68000000"
"1974-09-21","100000000"
"1974-10-01","100000000"
"1974-10-11","100000000"
"1974-10-21","108000000"
"1974-11-01","110000000"
"1974-11-11","113000000"
"1974-11-21","113000000"
"1974-12-01","99400001.53"
"1974-12-11","86000000"
"1974-12-21","97500000"
"1975-01-01","110000000"
"1975-01-11","98500000"
"1975-01-21","93599998.47"
"1975-02-01","78300003.05"
"1975-02-11","67599998.47"
"1975-02-21","53599998.47"
"1975-03-01","54900001.53"
"1975-03-11","58299999.24"
"1975-03-21","84699996.95"
"1975-04-01","105000000"
"1975-04-11","121000000"
"1975-04-21","112000000"
"1975-05-01","109000000"
"1975-05-11","95800003.05"
"1975-05-21","75599998.47"
"1975-06-01","63400001.53"
"1975-06-11","62000000"
"1975-06-21","57400001.53"
"1975-07-01","68000000"
"1975-07-11","46000000"
"1975-07-21","30000000"
"1975-08-01","-"
"1975-08-11","42400001.53"
"1975-08-21","45799999.24"
"1975-09-01","60400001.53"
"1975-09-11","84199996.95"
"1975-09-21","102000000"
"1975-10-01","118000000"
"1975-10-11","106000000"
"1975-10-21","112000000"
"1975-11-01","126000000"
"1975-11-11","114000000"
"1975-11-21","116000000"
"1975-12-01","114000000"
"1975-12-11","130000000"
"1975-12-21","114000000"
"1976-01-01","106000000"
"1976-01-11","107000000"
"1976-01-21","97699996.95"
"1976-02-01","99699996.95"
"1976-02-11","101000000"
"1976-02-21","83099998.47"
"1976-03-01","64500000"
"1976-03-11","56000000"
"1976-03-21","73699996.95"
"1976-04-01","81900001.53"
"1976-04-11","90500000"
"1976-04-21","104000000"
"1976-05-01","118000000"
"1976-05-11","120000000"
"1976-05-21","102000000"
"1976-06-01","74500000"
"1976-06-11","72599998.47"
"1976-06-21","71900001.53"
"1976-07-01","65000000"
"1976-07-11","58500000"
"1976-07-21","20000000"
"1976-08-01","22000000"
"1976-08-11","53000000"
"1976-08-21","50000000"
"1976-09-01","79000000"
"1976-09-11","80000000"
"1976-09-21","99000000"
"1976-10-01","91000000"
"1976-10-11","90000000"
"1976-10-21","97000000"
"1976-11-01","104000000"
"1976-11-11","88000000"
"1976-11-21","94500000"
"1976-12-01","91500000"
"1976-12-11","108000000"
"1976-12-21","92699996.95"
"1977-01-01","80500000"
"1977-01-11","91900001.53"
"1977-01-21","67500000"
"1977-02-01","60099998.47"
"1977-02-11","58200000.76"
"1977-02-21","59000000"
"1977-03-01","59799999.24"
"1977-03-11","60200000.76"
"1977-03-21","85300003.05"
"1977-04-01","94199996.95"
"1977-04-11","90800003.05"
"1977-04-21","91400001.53"
"1977-05-01","99400001.53"
"1977-05-11","102000000"
"1977-05-21","87099998.47"
"1977-06-01","64900001.53"
"1977-06-11","59200000.76"
"1977-06-21","64000000"
"1977-07-01","56599998.47"
"1977-07-11","16399999.62"
"1977-07-21","-"
"1977-08-01","31600000.38"
"1977-08-11","92099998.47"
"1977-08-21","27899999.62"
"1977-09-01","51700000.76"
"1977-09-11","108000000"
"1977-09-21","89000000"
"1977-10-01","74000000"
"1977-10-11","93000000"
"1977-10-21","76400001.53"
"1977-11-01","74000000"
"1977-11-11","82500000"
"1977-11-21","104000000"
"1977-12-01","100000000"
"1977-12-11","74000000"
"1977-12-21","85900001.53"
"1978-01-01","114000000"
"1978-01-11","113000000"
"1978-01-21","98699996.95"
"1978-02-01","78000000"
"1978-02-11","68099998.47"
"1978-02-21","64699996.95"
"1978-03-01","62900001.53"
"1978-03-11","58799999.24"
"1978-03-21","73699996.95"
"1978-04-01","85500000"
"1978-04-11","95099998.47"
"1978-04-21","94800003.05"
"1978-05-01","98000000"
"1978-05-11","99199996.95"
"1978-05-21","95900001.53"
"1978-06-01","86400001.53"
"1978-06-11","74000000"
"1978-06-21","73699996.95"
"1978-07-01","72500000"
"1978-07-11","18000000"
"1978-07-21","9539999.962"
"1978-08-01","87000000"
"1978-08-11","90500000"
"1978-08-21","82699996.95"
"1978-09-01","60000000"
"1978-09-11","59500000"
"1978-09-21","75500000"
"1978-10-01","104000000"
"1978-10-11","110000000"
"1978-10-21","101000000"
"1978-11-01","76500000"
"1978-11-11","73000000"
"1978-11-21","91000000"
"1978-12-01","92599998.47"
"1978-12-11","94000000"
"1978-12-21","104000000"
"1979-01-01","109000000"
"1979-01-11","112000000"
"1979-01-21","95500000"
"1979-02-01","66199996.95"
"1979-02-11","70900001.53"
"1979-02-21","87699996.95"
"1979-03-01","78800003.05"
"1979-03-11","81599998.47"
"1979-03-21","102000000"
"1979-04-01","108000000"
"1979-04-11","120000000"
"1979-04-21","127000000"
"1979-05-01","111000000"
"1979-05-11","88199996.95"
"1979-05-21","73099998.47"
"1979-06-01","70300003.05"
"1979-06-11","66199996.95"
"1979-06-21","67000000"
"1979-07-01","67000000"
"1979-07-11","49500000"
"1979-07-21","26399999.62"
"1979-08-01","15399999.62"
"1979-08-11","49000000"
"1979-08-21","91800003.05"
"1979-09-01","80500000"
"1979-09-11","62500000"
"1979-09-21","100000000"
"1979-10-01","100000000"
"1979-10-11","96500000"
"1979-10-21","95000000"
"1979-11-01","104000000"
"1979-11-11","106000000"
"1979-11-21","97199996.95"
"1979-12-01","101000000"
"1979-12-11","104000000"
"1979-12-21","90900001.53"
"1980-01-01","80300003.05"
"1980-01-11","68900001.53"
"1980-01-21","62599998.47"
"1980-02-01","65199996.95"
"1980-02-11","66400001.53"
"1980-02-21","56700000.76"
"1980-03-01","57400001.53"
"1980-03-11","64199996.95"
"1980-03-21","82000000"
"1980-04-01","92199996.95"
"1980-04-11","92099998.47"
"1980-04-21","92800003.05"
"1980-05-01","104000000"
"1980-05-11","104000000"
"1980-05-21","90099998.47"
"1980-06-01","65599998.47"
"1980-06-11","66300003.05"
"1980-06-21","67099998.47"
"1980-07-01","68199996.95"
"1980-07-11","69199996.95"
"1980-07-21","70400001.53"
"1980-08-01","27500000"
"1980-08-11","72000000"
"1980-08-21","82300003.05"
"1980-09-01","57500000"
"1980-09-11","56000000"
"1980-09-21","70500000"
"1980-10-01","90000000"
"1980-10-11","90000000"
"1980-10-21","91900001.53"
"1980-11-01","95000000"
"1980-11-11","92500000"
"1980-11-21","90000000"
"1980-12-01","86400001.53"
"1980-12-11","74000000"
"1980-12-21","79900001.53"
"1981-01-01","80300003.05"
"1981-01-11","79400001.53"
"1981-01-21","74000000"
"1981-02-01","64699996.95"
"1981-02-11","59900001.53"
"1981-02-21","59200000.76"
"1981-03-01","59500000"
"1981-03-11","60700000.76"
"1981-03-21","77900001.53"
"1981-04-01","98500000"
"1981-04-11","97099998.47"
"1981-04-21","99199996.95"
"1981-05-01","86400001.53"
"1981-05-11","70500000"
"1981-05-21","54799999.24"
"1981-06-01","52700000.76"
"1981-06-11","57000000"
"1981-06-21","61200000.76"
"1981-07-01","64400001.53"
"1981-07-11","59200000.76"
"1981-07-21","59799999.24"
"1981-08-01","10899999.62"
"1981-08-11","23600000.38"
"1981-08-21","79000000"
"1981-09-01","60799999.24"
"1981-09-11","55000000"
"1981-09-21","71800003.05"
"1981-10-01","110000000"
"1981-10-11","105000000"
"1981-10-21","107000000"
"1981-11-01","86699996.95"
"1981-11-11","77000000"
"1981-11-21","88400001.53"
"1981-12-01","92599998.47"
"1981-12-11","93599998.47"
"1981-12-21","92800003.05"
"1982-01-01","84099998.47"
"1982-01-11","80500000"
"1982-01-21","79699996.95"
"1982-02-01","70699996.95"
"1982-02-11","62000000"
"1982-02-21","56400001.53"
"1982-03-01","51900001.53"
"1982-03-11","57299999.24"
"1982-03-21","83400001.53"
"1982-04-01","90099998.47"
"1982-04-11","94400001.53"
"1982-04-21","83300003.05"
"1982-05-01","63599998.47"
"1982-05-11","55099998.47"
"1982-05-21","59400001.53"
"1982-06-01","63599998.47"
"1982-06-11","60500000"
"1982-06-21","57599998.47"
"1982-07-01","64699996.95"
"1982-07-11","57700000.76"
"1982-07-21","31500000"
"1982-08-01","20500000"
"1982-08-11","19500000"
"1982-08-21","66500000"
"1982-09-01","40400001.53"
"1982-09-11","54700000.76"
"1982-09-21","69300003.05"
"1982-10-01","84599998.47"
"1982-10-11","88500000"
"1982-10-21","75800003.05"
"1982-11-01","60400001.53"
"1982-11-11","59200000.76"
"1982-11-21","60299999.24"
"1982-12-01","87900001.53"
"1982-12-11","84199996.95"
"1982-12-21","75500000"
"1983-01-01","64300003.05"
"1983-01-11","57599998.47"
"1983-01-21","54700000.76"
"1983-02-01","54799999.24"
"1983-02-11","55000000"
"1983-02-21","55599998.47"
"1983-03-01","55599998.47"
"1983-03-11","65400001.53"
"1983-03-21","93000000"
"1983-04-01","99800003.05"
"1983-04-11","85099998.47"
"1983-04-21","76000000"
"1983-05-01","67300003.05"
"1983-05-11","61500000"
"1983-05-21","64699996.95"
"1983-06-01","66300003.05"
"1983-06-11","52900001.53"
"1983-06-21","54500000"
"1983-07-01","54599998.47"
"1983-07-11","45099998.47"
"1983-07-21","26299999.24"
"1983-08-01","14399999.62"
"1983-08-11","26600000.38"
"1983-08-21","58400001.53"
"1983-09-01","69099998.47"
"1983-09-11","50400001.53"
"1983-09-21","37500000"
"1983-10-01","57000000"
"1983-10-11","93099998.47"
"1983-10-21","96699996.95"
"1983-11-01","96699996.95"
"1983-11-11","98400001.53"
"1983-11-21","95400001.53"
"1983-12-01","72000000"
"1983-12-11","63000000"
"1983-12-21","71400001.53"
"1984-01-01","92199996.95"
"1984-01-11","102000000"
"1984-01-21","92500000"
"1984-02-01","84599998.47"
"1984-02-11","69400001.53"
"1984-02-21","57599998.47"
"1984-03-01","58799999.24"
"1984-03-11","63700000.76"
"1984-03-21","85099998.47"
"1984-04-01","100000000"
"1984-04-11","104000000"
"1984-04-21","99599998.47"
"1984-05-01","83699996.95"
"1984-05-11","72599998.47"
"1984-05-21","59400001.53"
"1984-06-01","55500000"
"1984-06-11","55799999.24"
"1984-06-21","55500000"
"1984-07-01","58099998.47"
"1984-07-11","55299999.24"
"1984-07-21","23500000"
"1984-08-01","16000000"
"1984-08-11","42200000.76"
"1984-08-21","82500000"
"1984-09-01","53099998.47"
"1984-09-11","29100000.38"
"1984-09-21","29799999.24"
"1984-10-01","54000000"
"1984-10-11","62400001.53"
"1984-10-21","57000000"
"1984-11-01","76500000"
"1984-11-11","83900001.53"
"1984-11-21","72800003.05"
"1984-12-01","58799999.24"
"1984-12-11","56700000.76"
"1984-12-21","62400001.53"
"1985-01-01","63400001.53"
"1985-01-11","61000000"
"1985-01-21","55000000"
"1985-02-01","47900001.53"
"1985-02-11","43900001.53"
"1985-02-21","43400001.53"
"1985-03-01","46299999.24"
"1985-03-11","62400001.53"
"1985-03-21","70900001.53"
"1985-04-01","72900001.53"
"1985-04-11","73099998.47"
"1985-04-21","75199996.95"
"1985-05-01","68300003.05"
"1985-05-11","76500000"
"1985-05-21","62000000"
"1985-06-01","53500000"
"1985-06-11","58900001.53"
"1985-06-21","60599998.47"
"1985-07-01","74400001.53"
"1985-07-11","55299999.24"
"1985-07-21","21600000.38"
"1985-08-01","-"
"1985-08-11","38599998.47"
"1985-08-21","86400001.53"
"1985-09-01","63500000"
"1985-09-11","24600000.38"
"1985-09-21","60599998.47"
"1985-10-01","81199996.95"
"1985-10-11","53200000.76"
"1985-10-21","66400001.53"
"1985-11-01","74599998.47"
"1985-11-11","81599998.47"
"1985-11-21","87099998.47"
"1985-12-01","70000000"
"1985-12-11","71099998.47"
"1985-12-21","72500000"
"1986-01-01","71500000"
"1986-01-11","57299999.24"
"1986-01-21","55799999.24"
"1986-02-01","54500000"
"1986-02-11","53000000"
"1986-02-21","49900001.53"
"1986-03-01","48500000"
"1986-03-11","52000000"
"1986-03-21","69400001.53"
"1986-04-01","78900001.53"
"1986-04-11","87500000"
"1986-04-21","89300003.05"
"1986-05-01","84800003.05"
"1986-05-11","69400001.53"
"1986-05-21","56700000.76"
"1986-06-01","50299999.24"
"1986-06-11","46900001.53"
"1986-06-21","49500000"
"1986-07-01","49599998.47"
"1986-07-11","47599998.47"
"1986-07-21","15500000"
"1986-08-01","8199999.809"
"1986-08-11","8800000.191"
"1986-08-21","71099998.47"
"1986-09-01","61400001.53"
"1986-09-11","55900001.53"
"1986-09-21","43900001.53"
"1986-10-01","76599998.47"
"1986-10-11","82199996.95"
"1986-10-21","98400001.53"
"1986-11-01","71000000"
"1986-11-11","55000000"
"1986-11-21","61000000"
"1986-12-01","61799999.24"
"1986-12-11","62700000.76"
"1986-12-21","56900001.53"
"1987-01-01","60299999.24"
"1987-01-11","53599998.47"
"1987-01-21","48700000.76"
"1987-02-01","49500000"
"1987-02-11","48000000"
"1987-02-21","47700000.76"
"1987-03-01","51500000"
"1987-03-11","55500000"
"1987-03-21","60099998.47"
"1987-04-01","72699996.95"
"1987-04-11","79500000"
"1987-04-21","78199996.95"
"1987-05-01","75800003.05"
"1987-05-11","70300003.05"
"1987-05-21","55000000"
"1987-06-01","54799999.24"
"1987-06-11","57299999.24"
"1987-06-21","59799999.24"
"1987-07-01","60200000.76"
"1987-07-11","46099998.47"
"1987-07-21","19399999.62"
"1987-08-01","12100000.38"
"1987-08-11","5099999.905"
"1987-08-21","60900001.53"
"1987-09-01","61700000.76"
"1987-09-11","43000000"
"1987-09-21","43299999.24"
"1987-10-01","60799999.24"
"1987-10-11","68500000"
"1987-10-21","69900001.53"
"1987-11-01","71500000"
"1987-11-11","72300003.05"
"1987-11-21","73199996.95"
"1987-12-01","71500000"
"1987-12-11","71099998.47"
"1987-12-21","71199996.95"
"1988-01-01","69699996.95"
"1988-01-11","65699996.95"
"1988-01-21","60599998.47"
"1988-02-01","52299999.24"
"1988-02-11","50099998.47"
"1988-02-21","48299999.24"
"1988-03-01","53599998.47"
"1988-03-11","71699996.95"
"1988-03-21","90500000"
"1988-04-01","85000000"
"1988-04-11","76300003.05"
"1988-04-21","54700000.76"
"1988-05-01","52700000.76"
"1988-05-11","50299999.24"
"1988-05-21","50599998.47"
"1988-06-01","49799999.24"
"1988-06-11","55599998.47"
"1988-06-21","63099998.47"
"1988-07-01","62400001.53"
"1988-07-11","53599998.47"
"1988-07-21","14600000.38"
"1988-08-01","5900000.095"
"1988-08-11","34000000"
"1988-08-21","70699996.95"
"1988-09-01","86699996.95"
"1988-09-11","90199996.95"
"1988-09-21","74900001.53"
"1988-10-01","47400001.53"
"1988-10-11","91900001.53"
"1988-10-21","91300003.05"
"1988-11-01","91000000"
"1988-11-11","101000000"
"1988-11-21","104000000"
"1988-12-01","83800003.05"
"1988-12-11","60000000"
"1988-12-21","103000000"